asset1,asset2,correlation,abs_correlation,category1,category2,pair_type
EEM,IEMG,0.9972682270935506,0.9972682270935506,EM_Broad,EM_Broad,EM-EM (HIGH PRIORITY)
SPY,VTI,0.9963657471103425,0.9963657471103425,Developed_Indices,Developed_Indices,Non-EM (LOW PRIORITY)
SPEM,VWO,0.996203647706293,0.996203647706293,EM_Broad,EM_Broad,EM-EM (HIGH PRIORITY)
SCHE,VWO,0.9953228270092005,0.9953228270092005,EM_Broad,EM_Broad,EM-EM (HIGH PRIORITY)
SCHE,SPEM,0.9942171204285721,0.9942171204285721,EM_Broad,EM_Broad,EM-EM (HIGH PRIORITY)
EFA,VEA,0.9940925064461763,0.9940925064461763,Developed_Indices,Developed_Indices,Non-EM (LOW PRIORITY)
BNO,USO,0.9939882599642853,0.9939882599642853,Commodities_Energy,Commodities_Energy,Non-EM (LOW PRIORITY)
EEM,SCHE,0.9890318459008379,0.9890318459008379,EM_Broad,EM_Broad,EM-EM (HIGH PRIORITY)
IEMG,SCHE,0.9882625251107781,0.9882625251107781,EM_Broad,EM_Broad,EM-EM (HIGH PRIORITY)
IEMG,VWO,0.9882446059924119,0.9882446059924119,EM_Broad,EM_Broad,EM-EM (HIGH PRIORITY)
EEM,VWO,0.9881437048762994,0.9881437048762994,EM_Broad,EM_Broad,EM-EM (HIGH PRIORITY)
IEMG,SPEM,0.9878388024849528,0.9878388024849528,EM_Broad,EM_Broad,EM-EM (HIGH PRIORITY)
EEM,SPEM,0.9874722491936355,0.9874722491936355,EM_Broad,EM_Broad,EM-EM (HIGH PRIORITY)
FXI,MCHI,0.9838602570592049,0.9838602570592049,EM_Country_ETFs,EM_Country_ETFs,EM-EM (HIGH PRIORITY)
GDX,GDXJ,0.9792050982794458,0.9792050982794458,Commodities_Metals,Commodities_Metals,Non-EM (LOW PRIORITY)
VT,VTI,0.9740017883735189,0.9740017883735189,Developed_Indices,Developed_Indices,Non-EM (LOW PRIORITY)
EPI,INDA,0.972887076970664,0.972887076970664,EM_Country_ETFs,EM_Country_ETFs,EM-EM (HIGH PRIORITY)
QQQ,XLK,0.9712842737986912,0.9712842737986912,Developed_Indices,Developed_Sectors,Non-EM (LOW PRIORITY)
SPY,VT,0.9673320892158191,0.9673320892158191,Developed_Indices,Developed_Indices,Non-EM (LOW PRIORITY)
INDA,INDY,0.9654139994979658,0.9654139994979658,EM_Country_ETFs,EM_Country_ETFs,EM-EM (HIGH PRIORITY)
FXE,UUP,-0.964442630790291,0.964442630790291,Currencies,Currencies,Non-EM (LOW PRIORITY)
QQQ,SPY,0.9592509298223844,0.9592509298223844,Developed_Indices,Developed_Indices,Non-EM (LOW PRIORITY)
DBO,USO,0.9578217154423586,0.9578217154423586,Commodities_Energy,Commodities_Energy,Non-EM (LOW PRIORITY)
BNO,DBO,0.9577222130638194,0.9577222130638194,Commodities_Energy,Commodities_Energy,Non-EM (LOW PRIORITY)
KWEB,MCHI,0.9548978396113341,0.9548978396113341,EM_Country_ETFs,EM_Country_ETFs,EM-EM (HIGH PRIORITY)
QQQ,VTI,0.951424227742794,0.951424227742794,Developed_Indices,Developed_Indices,Non-EM (LOW PRIORITY)
EMB,PCY,0.949471608721877,0.949471608721877,Bonds,Bonds,Non-EM (LOW PRIORITY)
XLE,XOP,0.9429031514222528,0.9429031514222528,Commodities_Energy,Commodities_Energy,Non-EM (LOW PRIORITY)
FXI,KWEB,0.9426955056753065,0.9426955056753065,EM_Country_ETFs,EM_Country_ETFs,EM-EM (HIGH PRIORITY)
EPI,INDY,0.9339083711170636,0.9339083711170636,EM_Country_ETFs,EM_Country_ETFs,EM-EM (HIGH PRIORITY)
IEF,TLT,0.9258147171726067,0.9258147171726067,Bonds,Bonds,Non-EM (LOW PRIORITY)
EEMV,SPEM,0.9230750962874226,0.9230750962874226,EM_Broad,EM_Broad,EM-EM (HIGH PRIORITY)
EEMV,IEMG,0.9230640964388424,0.9230640964388424,EM_Broad,EM_Broad,EM-EM (HIGH PRIORITY)
DEM,IEMG,0.9225894602351743,0.9225894602351743,EM_Broad,EM_Broad,EM-EM (HIGH PRIORITY)
DEM,SPEM,0.921484136553894,0.921484136553894,EM_Broad,EM_Broad,EM-EM (HIGH PRIORITY)
EEM,EEMV,0.9211056751301537,0.9211056751301537,EM_Broad,EM_Broad,EM-EM (HIGH PRIORITY)
EEMV,VWO,0.921016693201919,0.921016693201919,EM_Broad,EM_Broad,EM-EM (HIGH PRIORITY)
SPY,XLK,0.9208524457317536,0.9208524457317536,Developed_Indices,Developed_Sectors,Non-EM (LOW PRIORITY)
QQQ,VT,0.9202142081442867,0.9202142081442867,Developed_Indices,Developed_Indices,Non-EM (LOW PRIORITY)
DEM,EEM,0.9197257939723058,0.9197257939723058,EM_Broad,EM_Broad,EM-EM (HIGH PRIORITY)
DEM,VWO,0.9194104377997914,0.9194104377997914,EM_Broad,EM_Broad,EM-EM (HIGH PRIORITY)
EEMV,SCHE,0.9184659937379386,0.9184659937379386,EM_Broad,EM_Broad,EM-EM (HIGH PRIORITY)
GLD,GLTR,0.9167181704166342,0.9167181704166342,Commodities_Metals,Commodities_Metals,Non-EM (LOW PRIORITY)
DEM,SCHE,0.9155550034063373,0.9155550034063373,EM_Broad,EM_Broad,EM-EM (HIGH PRIORITY)
LQD,TLT,0.9141366007586976,0.9141366007586976,Bonds,Bonds,Non-EM (LOW PRIORITY)
COPX,PICK,0.913149523329352,0.913149523329352,Commodities_Metals,Commodities_Metals,Non-EM (LOW PRIORITY)
VTI,XLK,0.911136334020185,0.911136334020185,Developed_Indices,Developed_Sectors,Non-EM (LOW PRIORITY)
DIA,VTI,0.9072000972506316,0.9072000972506316,Developed_Indices,Developed_Indices,Non-EM (LOW PRIORITY)
EMQQ,KWEB,0.9050011526170567,0.9050011526170567,EM_Sector,EM_Country_ETFs,EM-EM (HIGH PRIORITY)
IEMG,KEMX,0.9042522485015838,0.9042522485015838,EM_Broad,EM_Sector,EM-EM (HIGH PRIORITY)
DEM,EEMV,0.9031280973310066,0.9031280973310066,EM_Broad,EM_Broad,EM-EM (HIGH PRIORITY)
EEM,KEMX,0.8971609300489305,0.8971609300489305,EM_Broad,EM_Sector,EM-EM (HIGH PRIORITY)
DIA,SPY,0.8966671843918147,0.8966671843918147,Developed_Indices,Developed_Indices,Non-EM (LOW PRIORITY)
IEF,LQD,0.8954183692338434,0.8954183692338434,Bonds,Bonds,Non-EM (LOW PRIORITY)
VEA,VT,0.894977711170961,0.894977711170961,Developed_Indices,Developed_Indices,Non-EM (LOW PRIORITY)
GLTR,SLV,0.8949525059199068,0.8949525059199068,Commodities_Metals,Commodities_Metals,Non-EM (LOW PRIORITY)
DEM,EDIV,0.8942275867321374,0.8942275867321374,EM_Broad,EM_Broad,EM-EM (HIGH PRIORITY)
EWT,KEMX,0.8914146993456891,0.8914146993456891,EM_Country_ETFs,EM_Sector,EM-EM (HIGH PRIORITY)
DIA,XLF,0.8910415028142331,0.8910415028142331,Developed_Indices,Developed_Sectors,Non-EM (LOW PRIORITY)
OIH,XOP,0.891027715374484,0.891027715374484,Commodities_Energy,Commodities_Energy,Non-EM (LOW PRIORITY)
DIA,XLI,0.890075995683729,0.890075995683729,Developed_Indices,Developed_Sectors,Non-EM (LOW PRIORITY)
DIA,VT,0.8888803372286139,0.8888803372286139,Developed_Indices,Developed_Indices,Non-EM (LOW PRIORITY)
VTI,XLI,0.8879206998182922,0.8879206998182922,Developed_Indices,Developed_Sectors,Non-EM (LOW PRIORITY)
VTI,XLY,0.8878712553886013,0.8878712553886013,Developed_Indices,Developed_Sectors,Non-EM (LOW PRIORITY)
EMQQ,SCHE,0.8823590264999088,0.8823590264999088,EM_Sector,EM_Broad,EM-EM (HIGH PRIORITY)
EDIV,EEMV,0.8822371234616349,0.8822371234616349,EM_Broad,EM_Broad,EM-EM (HIGH PRIORITY)
OIH,XLE,0.8807161052901132,0.8807161052901132,Commodities_Energy,Commodities_Energy,Non-EM (LOW PRIORITY)
VT,XLK,0.8799525719593564,0.8799525719593564,Developed_Indices,Developed_Sectors,Non-EM (LOW PRIORITY)
SPY,XLY,0.8797028994013032,0.8797028994013032,Developed_Indices,Developed_Sectors,Non-EM (LOW PRIORITY)
EFA,VT,0.8796033858085248,0.8796033858085248,Developed_Indices,Developed_Indices,Non-EM (LOW PRIORITY)
EELV,EEMV,0.8792251328508092,0.8792251328508092,EM_Sector,EM_Broad,EM-EM (HIGH PRIORITY)
EMQQ,VWO,0.8790906440698447,0.8790906440698447,EM_Sector,EM_Broad,EM-EM (HIGH PRIORITY)
EMQQ,SPEM,0.8789210820600769,0.8789210820600769,EM_Sector,EM_Broad,EM-EM (HIGH PRIORITY)
VT,XLI,0.8763652647320259,0.8763652647320259,Developed_Indices,Developed_Sectors,Non-EM (LOW PRIORITY)
EEM,EMQQ,0.8734268861500849,0.8734268861500849,EM_Broad,EM_Sector,EM-EM (HIGH PRIORITY)
SPY,XLI,0.8697096524520772,0.8697096524520772,Developed_Indices,Developed_Sectors,Non-EM (LOW PRIORITY)
EMQQ,IEMG,0.8672637642580538,0.8672637642580538,EM_Sector,EM_Broad,EM-EM (HIGH PRIORITY)
EMB,LQD,0.8654183316290922,0.8654183316290922,Bonds,Bonds,Non-EM (LOW PRIORITY)
KEMX,SPEM,0.8642610120650659,0.8642610120650659,EM_Sector,EM_Broad,EM-EM (HIGH PRIORITY)
EMQQ,MCHI,0.8616499044430351,0.8616499044430351,EM_Sector,EM_Country_ETFs,EM-EM (HIGH PRIORITY)
VT,XLY,0.8614627354643482,0.8614627354643482,Developed_Indices,Developed_Sectors,Non-EM (LOW PRIORITY)
KEMX,SCHE,0.8612168141424851,0.8612168141424851,EM_Sector,EM_Broad,EM-EM (HIGH PRIORITY)
EDIV,SPEM,0.8610085002531095,0.8610085002531095,EM_Broad,EM_Broad,EM-EM (HIGH PRIORITY)
IEF,SHY,0.8604035764861147,0.8604035764861147,Bonds,Bonds,Non-EM (LOW PRIORITY)
KEMX,VWO,0.8600179314051105,0.8600179314051105,EM_Sector,EM_Broad,EM-EM (HIGH PRIORITY)
EDIV,VWO,0.860000947346921,0.860000947346921,EM_Broad,EM_Broad,EM-EM (HIGH PRIORITY)
EMQQ,FXI,0.859264346660358,0.859264346660358,EM_Sector,EM_Country_ETFs,EM-EM (HIGH PRIORITY)
EDIV,SCHE,0.8580991802236361,0.8580991802236361,EM_Broad,EM_Broad,EM-EM (HIGH PRIORITY)
EWH,FXI,0.8574596405829054,0.8574596405829054,EM_Country_ETFs,EM_Country_ETFs,EM-EM (HIGH PRIORITY)
EWH,MCHI,0.8558977226882986,0.8558977226882986,EM_Country_ETFs,EM_Country_ETFs,EM-EM (HIGH PRIORITY)
EDIV,IEMG,0.8556510400763471,0.8556510400763471,EM_Broad,EM_Broad,EM-EM (HIGH PRIORITY)
QQQ,XLY,0.853926294402857,0.853926294402857,Developed_Indices,Developed_Sectors,Non-EM (LOW PRIORITY)
DEM,KEMX,0.8532775104252869,0.8532775104252869,EM_Broad,EM_Sector,EM-EM (HIGH PRIORITY)
DEM,EELV,0.8518202399851537,0.8518202399851537,EM_Broad,EM_Sector,EM-EM (HIGH PRIORITY)
EMB,HYG,0.8516835542060691,0.8516835542060691,Bonds,Bonds,Non-EM (LOW PRIORITY)
IWM,XLI,0.8513278619431397,0.8513278619431397,Developed_Indices,Developed_Sectors,Non-EM (LOW PRIORITY)
EDIV,EEM,0.8506651243645219,0.8506651243645219,EM_Broad,EM_Broad,EM-EM (HIGH PRIORITY)
EWY,KEMX,0.8472896245271965,0.8472896245271965,EM_Country_ETFs,EM_Sector,EM-EM (HIGH PRIORITY)
EEMV,KEMX,0.846624412792189,0.846624412792189,EM_Broad,EM_Sector,EM-EM (HIGH PRIORITY)
FXB,UUP,-0.8456110362092347,0.8456110362092347,Currencies,Currencies,Non-EM (LOW PRIORITY)
IWM,VTI,0.8436601857603043,0.8436601857603043,Developed_Indices,Developed_Indices,Non-EM (LOW PRIORITY)
EELV,IEMG,0.8431705472596382,0.8431705472596382,EM_Sector,EM_Broad,EM-EM (HIGH PRIORITY)
IWM,VT,0.8419458499175622,0.8419458499175622,Developed_Indices,Developed_Indices,Non-EM (LOW PRIORITY)
EELV,KEMX,0.841475701691518,0.841475701691518,EM_Sector,EM_Sector,EM-EM (HIGH PRIORITY)
COPX,EPU,0.8405401840366827,0.8405401840366827,Commodities_Metals,EM_Country_ETFs,EM-Commodity (MEDIUM PRIORITY)
ASHR,MCHI,0.8383531403004841,0.8383531403004841,EM_Country_ETFs,EM_Country_ETFs,EM-EM (HIGH PRIORITY)
GDXJ,GLTR,0.8380310724321333,0.8380310724321333,Commodities_Metals,Commodities_Metals,Non-EM (LOW PRIORITY)
EELV,EEM,0.8378702459065084,0.8378702459065084,EM_Sector,EM_Broad,EM-EM (HIGH PRIORITY)
EDIV,EELV,0.8367935343765475,0.8367935343765475,EM_Broad,EM_Sector,EM-EM (HIGH PRIORITY)
LQD,PCY,0.832470109629685,0.832470109629685,Bonds,Bonds,Non-EM (LOW PRIORITY)
KEMX,VT,0.8308560891290431,0.8308560891290431,EM_Sector,Developed_Indices,EM-Developed (MEDIUM PRIORITY)
XLF,XLI,0.8306225315002636,0.8306225315002636,Developed_Sectors,Developed_Sectors,Non-EM (LOW PRIORITY)
MCHI,VWO,0.8305202258433197,0.8305202258433197,EM_Country_ETFs,EM_Broad,EM-EM (HIGH PRIORITY)
MCHI,SCHE,0.8304516675731329,0.8304516675731329,EM_Country_ETFs,EM_Broad,EM-EM (HIGH PRIORITY)
EWZ,ITUB,0.8299129777301415,0.8299129777301415,EM_Country_ETFs,Brazil_Stocks,EM-EM (HIGH PRIORITY)
FXI,SCHE,0.8298478119436006,0.8298478119436006,EM_Country_ETFs,EM_Broad,EM-EM (HIGH PRIORITY)
HYG,PCY,0.8297563114039116,0.8297563114039116,Bonds,Bonds,Non-EM (LOW PRIORITY)
JD,KWEB,0.8297021078635689,0.8297021078635689,China_Stocks,EM_Country_ETFs,EM-EM (HIGH PRIORITY)
KEMX,VEA,0.8291658333620372,0.8291658333620372,EM_Sector,Developed_Indices,EM-Developed (MEDIUM PRIORITY)
BABA,KWEB,0.8283554839948135,0.8283554839948135,China_Stocks,EM_Country_ETFs,EM-EM (HIGH PRIORITY)
FXI,VWO,0.8282145042815888,0.8282145042815888,EM_Country_ETFs,EM_Broad,EM-EM (HIGH PRIORITY)
EWT,IEMG,0.8270812046615845,0.8270812046615845,EM_Country_ETFs,EM_Broad,EM-EM (HIGH PRIORITY)
IEMG,VEA,0.8261801228652306,0.8261801228652306,EM_Broad,Developed_Indices,EM-Developed (MEDIUM PRIORITY)
MCHI,SPEM,0.82607889198042,0.82607889198042,EM_Country_ETFs,EM_Broad,EM-EM (HIGH PRIORITY)
DIA,IWM,0.8259020766674079,0.8259020766674079,Developed_Indices,Developed_Indices,Non-EM (LOW PRIORITY)
XLB,XLI,0.8248773935178615,0.8248773935178615,Developed_Sectors,Developed_Sectors,Non-EM (LOW PRIORITY)
GDX,GLTR,0.824677936581624,0.824677936581624,Commodities_Metals,Commodities_Metals,Non-EM (LOW PRIORITY)
EELV,SPEM,0.824204947235325,0.824204947235325,EM_Sector,EM_Broad,EM-EM (HIGH PRIORITY)
EELV,VWO,0.8239524625559572,0.8239524625559572,EM_Sector,EM_Broad,EM-EM (HIGH PRIORITY)
FXI,SPEM,0.8227821197392903,0.8227821197392903,EM_Country_ETFs,EM_Broad,EM-EM (HIGH PRIORITY)
EEM,EWT,0.8215230919070957,0.8215230919070957,EM_Broad,EM_Country_ETFs,EM-EM (HIGH PRIORITY)
EELV,SCHE,0.8212705142495283,0.8212705142495283,EM_Sector,EM_Broad,EM-EM (HIGH PRIORITY)
EEM,VEA,0.8186285499399991,0.8186285499399991,EM_Broad,Developed_Indices,EM-Developed (MEDIUM PRIORITY)
EELV,VEA,0.8176476567765716,0.8176476567765716,EM_Sector,Developed_Indices,EM-Developed (MEDIUM PRIORITY)
EWH,KWEB,0.8172835235534198,0.8172835235534198,EM_Country_ETFs,EM_Country_ETFs,EM-EM (HIGH PRIORITY)
IEMG,VT,0.8107101245321706,0.8107101245321706,EM_Broad,Developed_Indices,EM-Developed (MEDIUM PRIORITY)
VT,XLB,0.8106219707815182,0.8106219707815182,Developed_Indices,Developed_Sectors,Non-EM (LOW PRIORITY)
DIA,XLB,0.8080465234535166,0.8080465234535166,Developed_Indices,Developed_Sectors,Non-EM (LOW PRIORITY)
BABA,MCHI,0.8078353683885153,0.8078353683885153,China_Stocks,EM_Country_ETFs,EM-EM (HIGH PRIORITY)
DIA,XLY,0.8062944917841021,0.8062944917841021,Developed_Indices,Developed_Sectors,Non-EM (LOW PRIORITY)
FXB,FXE,0.8061418883595448,0.8061418883595448,Currencies,Currencies,Non-EM (LOW PRIORITY)
DEM,VEA,0.805586424644789,0.805586424644789,EM_Broad,Developed_Indices,EM-Developed (MEDIUM PRIORITY)
KWEB,SCHE,0.8055147734126026,0.8055147734126026,EM_Country_ETFs,EM_Broad,EM-EM (HIGH PRIORITY)
KB,SHG,0.8051879536529352,0.8051879536529352,Other_EM_Stocks,Other_EM_Stocks,EM-EM (HIGH PRIORITY)
GDX,GLD,0.8042951947379373,0.8042951947379373,Commodities_Metals,Commodities_Metals,Non-EM (LOW PRIORITY)
EEM,VT,0.803990532834722,0.803990532834722,EM_Broad,Developed_Indices,EM-Developed (MEDIUM PRIORITY)
EEM,FXI,0.803479879442626,0.803479879442626,EM_Broad,EM_Country_ETFs,EM-EM (HIGH PRIORITY)
KWEB,VWO,0.8034237014249559,0.8034237014249559,EM_Country_ETFs,EM_Broad,EM-EM (HIGH PRIORITY)
EFA,IEMG,0.8032687956247487,0.8032687956247487,Developed_Indices,EM_Broad,EM-Developed (MEDIUM PRIORITY)
IWM,SPY,0.8029489184228917,0.8029489184228917,Developed_Indices,Developed_Indices,Non-EM (LOW PRIORITY)
DEM,PICK,0.8027349317902664,0.8027349317902664,EM_Broad,Commodities_Metals,EM-Commodity (MEDIUM PRIORITY)
VTI,XLF,0.8022707637998919,0.8022707637998919,Developed_Indices,Developed_Sectors,Non-EM (LOW PRIORITY)
SPEM,VEA,0.8020081380695823,0.8020081380695823,EM_Broad,Developed_Indices,EM-Developed (MEDIUM PRIORITY)
BABA,FXI,0.8017239954364672,0.8017239954364672,China_Stocks,EM_Country_ETFs,EM-EM (HIGH PRIORITY)
EEM,MCHI,0.8015454659071339,0.8015454659071339,EM_Broad,EM_Country_ETFs,EM-EM (HIGH PRIORITY)
EPU,PICK,0.8015159451290342,0.8015159451290342,EM_Country_ETFs,Commodities_Metals,EM-Commodity (MEDIUM PRIORITY)
EFA,KEMX,0.8000259930977166,0.8000259930977166,Developed_Indices,EM_Sector,EM-Developed (MEDIUM PRIORITY)
VEA,VWO,0.7984686996350381,0.7984686996350381,Developed_Indices,EM_Broad,EM-Developed (MEDIUM PRIORITY)
KWEB,SPEM,0.798130001898309,0.798130001898309,EM_Country_ETFs,EM_Broad,EM-EM (HIGH PRIORITY)
EELV,EFA,0.7977555186087552,0.7977555186087552,EM_Sector,Developed_Indices,EM-Developed (MEDIUM PRIORITY)
FXI,JD,0.797748030107435,0.797748030107435,EM_Country_ETFs,China_Stocks,EM-EM (HIGH PRIORITY)
EEM,EFA,0.7961543059565073,0.7961543059565073,EM_Broad,Developed_Indices,EM-Developed (MEDIUM PRIORITY)
GDXJ,GLD,0.7959825379651135,0.7959825379651135,Commodities_Metals,Commodities_Metals,Non-EM (LOW PRIORITY)
EWT,SCHE,0.7957473204818516,0.7957473204818516,EM_Country_ETFs,EM_Broad,EM-EM (HIGH PRIORITY)
BIDU,KWEB,0.7949384190763952,0.7949384190763952,China_Stocks,EM_Country_ETFs,EM-EM (HIGH PRIORITY)
SCHE,VEA,0.7945264602895922,0.7945264602895922,EM_Broad,Developed_Indices,EM-Developed (MEDIUM PRIORITY)
EWT,SPEM,0.7942866124432792,0.7942866124432792,EM_Country_ETFs,EM_Broad,EM-EM (HIGH PRIORITY)
HYG,VT,0.7936199185122172,0.7936199185122172,Bonds,Developed_Indices,Non-EM (LOW PRIORITY)
EWT,VWO,0.7936055390693422,0.7936055390693422,EM_Country_ETFs,EM_Broad,EM-EM (HIGH PRIORITY)
IEMG,PICK,0.7935923004163487,0.7935923004163487,EM_Broad,Commodities_Metals,EM-Commodity (MEDIUM PRIORITY)
EEMV,VEA,0.7931451963238622,0.7931451963238622,EM_Broad,Developed_Indices,EM-Developed (MEDIUM PRIORITY)
EEM,PICK,0.7912954970405561,0.7912954970405561,EM_Broad,Commodities_Metals,EM-Commodity (MEDIUM PRIORITY)
PICK,SPEM,0.7911227045819148,0.7911227045819148,Commodities_Metals,EM_Broad,EM-Commodity (MEDIUM PRIORITY)
ASHR,FXI,0.7906139664676187,0.7906139664676187,EM_Country_ETFs,EM_Country_ETFs,EM-EM (HIGH PRIORITY)
EWY,IEMG,0.7902629222760493,0.7902629222760493,EM_Country_ETFs,EM_Broad,EM-EM (HIGH PRIORITY)
FXI,IEMG,0.7890390102753047,0.7890390102753047,EM_Country_ETFs,EM_Broad,EM-EM (HIGH PRIORITY)
PICK,VWO,0.7886045969935561,0.7886045969935561,Commodities_Metals,EM_Broad,EM-Commodity (MEDIUM PRIORITY)
JD,MCHI,0.7882267542275757,0.7882267542275757,China_Stocks,EM_Country_ETFs,EM-EM (HIGH PRIORITY)
PICK,SCHE,0.7879227272415124,0.7879227272415124,Commodities_Metals,EM_Broad,EM-Commodity (MEDIUM PRIORITY)
DEM,EFA,0.7865606178685545,0.7865606178685545,EM_Broad,Developed_Indices,EM-Developed (MEDIUM PRIORITY)
IEMG,MCHI,0.7863922720567578,0.7863922720567578,EM_Broad,EM_Country_ETFs,EM-EM (HIGH PRIORITY)
EWS,VEA,0.7863199924007377,0.7863199924007377,EM_Country_ETFs,Developed_Indices,EM-Developed (MEDIUM PRIORITY)
BILI,KWEB,0.7862331105589405,0.7862331105589405,China_Stocks,EM_Country_ETFs,EM-EM (HIGH PRIORITY)
SPY,XLF,0.7859832022116625,0.7859832022116625,Developed_Indices,Developed_Sectors,Non-EM (LOW PRIORITY)
EEM,EWY,0.7855337841635593,0.7855337841635593,EM_Broad,EM_Country_ETFs,EM-EM (HIGH PRIORITY)
IWM,XLB,0.7854477723753993,0.7854477723753993,Developed_Indices,Developed_Sectors,Non-EM (LOW PRIORITY)
SPEM,VT,0.78470431953007,0.78470431953007,EM_Broad,Developed_Indices,EM-Developed (MEDIUM PRIORITY)
VEA,VTI,0.7843530080187497,0.7843530080187497,Developed_Indices,Developed_Indices,Non-EM (LOW PRIORITY)
EFA,SPEM,0.7836302930110808,0.7836302930110808,Developed_Indices,EM_Broad,EM-Developed (MEDIUM PRIORITY)
EDIV,KEMX,0.7806521351238528,0.7806521351238528,EM_Broad,EM_Sector,EM-EM (HIGH PRIORITY)
VT,VWO,0.7805565400301548,0.7805565400301548,Developed_Indices,EM_Broad,EM-Developed (MEDIUM PRIORITY)
EFA,VWO,0.7803860715035555,0.7803860715035555,Developed_Indices,EM_Broad,EM-Developed (MEDIUM PRIORITY)
PICK,VEA,0.7799086088146976,0.7799086088146976,Commodities_Metals,Developed_Indices,Non-EM (LOW PRIORITY)
EEM,KWEB,0.7786734914577063,0.7786734914577063,EM_Broad,EM_Country_ETFs,EM-EM (HIGH PRIORITY)
SCHE,VT,0.7785850292068649,0.7785850292068649,EM_Broad,Developed_Indices,EM-Developed (MEDIUM PRIORITY)
EWT,VT,0.7785656301467332,0.7785656301467332,EM_Country_ETFs,Developed_Indices,EM-Developed (MEDIUM PRIORITY)
EWT,TSM,0.7780441234223001,0.7780441234223001,EM_Country_ETFs,Taiwan_Stocks,EM-EM (HIGH PRIORITY)
IWM,XLY,0.777842718696657,0.777842718696657,Developed_Indices,Developed_Sectors,Non-EM (LOW PRIORITY)
VTI,XLB,0.7778300705117563,0.7778300705117563,Developed_Indices,Developed_Sectors,Non-EM (LOW PRIORITY)
VT,XLF,0.7774701974070654,0.7774701974070654,Developed_Indices,Developed_Sectors,Non-EM (LOW PRIORITY)
EFA,EWS,0.7767450449647364,0.7767450449647364,Developed_Indices,EM_Country_ETFs,EM-Developed (MEDIUM PRIORITY)
XLI,XLY,0.7762728127300169,0.7762728127300169,Developed_Sectors,Developed_Sectors,Non-EM (LOW PRIORITY)
EFA,SCHE,0.7760427449351281,0.7760427449351281,Developed_Indices,EM_Broad,EM-Developed (MEDIUM PRIORITY)
DIA,QQQ,0.7750591757298061,0.7750591757298061,Developed_Indices,Developed_Indices,Non-EM (LOW PRIORITY)
PICK,VALE,0.7744146503555409,0.7744146503555409,Commodities_Metals,Brazil_Stocks,EM-Commodity (MEDIUM PRIORITY)
HYG,VTI,0.773854064434475,0.773854064434475,Bonds,Developed_Indices,Non-EM (LOW PRIORITY)
EEMV,EFA,0.7730318547980806,0.7730318547980806,EM_Broad,Developed_Indices,EM-Developed (MEDIUM PRIORITY)
DEM,EWT,0.771946603651898,0.771946603651898,EM_Broad,EM_Country_ETFs,EM-EM (HIGH PRIORITY)
SPY,VEA,0.7716337396302904,0.7716337396302904,Developed_Indices,Developed_Indices,Non-EM (LOW PRIORITY)
BABA,EMQQ,0.7712987795695087,0.7712987795695087,China_Stocks,EM_Sector,EM-EM (HIGH PRIORITY)
XLK,XLY,0.769082112652038,0.769082112652038,Developed_Sectors,Developed_Sectors,Non-EM (LOW PRIORITY)
ASX,EWT,0.7688894192015895,0.7688894192015895,Taiwan_Stocks,EM_Country_ETFs,EM-EM (HIGH PRIORITY)
GDXJ,SLV,0.7688774308548568,0.7688774308548568,Commodities_Metals,Commodities_Metals,Non-EM (LOW PRIORITY)
EMQQ,EWH,0.7684193047537993,0.7684193047537993,EM_Sector,EM_Country_ETFs,EM-EM (HIGH PRIORITY)
IWM,XLF,0.7678770467863183,0.7678770467863183,Developed_Indices,Developed_Sectors,Non-EM (LOW PRIORITY)
EFA,VTI,0.7672574296356991,0.7672574296356991,Developed_Indices,Developed_Indices,Non-EM (LOW PRIORITY)
EWH,VWO,0.7669157561805432,0.7669157561805432,EM_Country_ETFs,EM_Broad,EM-EM (HIGH PRIORITY)
IEMG,KWEB,0.7648251412307187,0.7648251412307187,EM_Broad,EM_Country_ETFs,EM-EM (HIGH PRIORITY)
EWH,SCHE,0.7644358364617447,0.7644358364617447,EM_Country_ETFs,EM_Broad,EM-EM (HIGH PRIORITY)
EWH,SPEM,0.7635391727866377,0.7635391727866377,EM_Country_ETFs,EM_Broad,EM-EM (HIGH PRIORITY)
QQQ,XLI,0.7629632627805621,0.7629632627805621,Developed_Indices,Developed_Sectors,Non-EM (LOW PRIORITY)
EZA,IEMG,0.7625073272905942,0.7625073272905942,EM_Country_ETFs,EM_Broad,EM-EM (HIGH PRIORITY)
VEA,XLB,0.7602691477101805,0.7602691477101805,Developed_Indices,Developed_Sectors,Non-EM (LOW PRIORITY)
HYG,IWM,0.7600387078381482,0.7600387078381482,Bonds,Developed_Indices,Non-EM (LOW PRIORITY)
SPY,XLB,0.7599709155374581,0.7599709155374581,Developed_Indices,Developed_Sectors,Non-EM (LOW PRIORITY)
EEM,EZA,0.7593604039734438,0.7593604039734438,EM_Broad,EM_Country_ETFs,EM-EM (HIGH PRIORITY)
EFA,PICK,0.7592757117305955,0.7592757117305955,Developed_Indices,Commodities_Metals,Non-EM (LOW PRIORITY)
HYG,SPY,0.7578207626772222,0.7578207626772222,Bonds,Developed_Indices,Non-EM (LOW PRIORITY)
EFA,SPY,0.7562221407134178,0.7562221407134178,Developed_Indices,Developed_Indices,Non-EM (LOW PRIORITY)
DEM,EZA,0.7553428966273351,0.7553428966273351,EM_Broad,EM_Country_ETFs,EM-EM (HIGH PRIORITY)
EMQQ,JD,0.7544243542027235,0.7544243542027235,EM_Sector,China_Stocks,EM-EM (HIGH PRIORITY)
EEMV,EMQQ,0.7527353815576853,0.7527353815576853,EM_Broad,EM_Sector,EM-EM (HIGH PRIORITY)
EELV,EZA,0.7527323526380498,0.7527323526380498,EM_Sector,EM_Country_ETFs,EM-EM (HIGH PRIORITY)
EELV,VT,0.7521938887092848,0.7521938887092848,EM_Sector,Developed_Indices,EM-Developed (MEDIUM PRIORITY)
DEM,EMQQ,0.749456639936448,0.749456639936448,EM_Broad,EM_Sector,EM-EM (HIGH PRIORITY)
EEM,EWH,0.7490792055533092,0.7490792055533092,EM_Broad,EM_Country_ETFs,EM-EM (HIGH PRIORITY)
EWS,VT,0.7489280543845078,0.7489280543845078,EM_Country_ETFs,Developed_Indices,EM-Developed (MEDIUM PRIORITY)
TSM,XLK,0.7486002411792725,0.7486002411792725,Taiwan_Stocks,Developed_Sectors,EM-Developed (MEDIUM PRIORITY)
DEM,VT,0.7481953570780556,0.7481953570780556,EM_Broad,Developed_Indices,EM-Developed (MEDIUM PRIORITY)
EDIV,VEA,0.7471985649354059,0.7471985649354059,EM_Broad,Developed_Indices,EM-Developed (MEDIUM PRIORITY)
KWEB,WB,0.747108265475013,0.747108265475013,EM_Country_ETFs,China_Stocks,EM-EM (HIGH PRIORITY)
COPX,DEM,0.746788207105305,0.746788207105305,Commodities_Metals,EM_Broad,EM-Commodity (MEDIUM PRIORITY)
EZA,SCHE,0.7467093260158377,0.7467093260158377,EM_Country_ETFs,EM_Broad,EM-EM (HIGH PRIORITY)
EZA,VWO,0.7453246796034706,0.7453246796034706,EM_Country_ETFs,EM_Broad,EM-EM (HIGH PRIORITY)
KEMX,VTI,0.7440981672767715,0.7440981672767715,EM_Sector,Developed_Indices,EM-Developed (MEDIUM PRIORITY)
PICK,VT,0.7436792635211831,0.7436792635211831,Commodities_Metals,Developed_Indices,Non-EM (LOW PRIORITY)
PICK,XLB,0.743117547678682,0.743117547678682,Commodities_Metals,Developed_Sectors,Non-EM (LOW PRIORITY)
EFA,XLB,0.74303034398002,0.74303034398002,Developed_Indices,Developed_Sectors,Non-EM (LOW PRIORITY)
EZA,SPEM,0.7427244826382463,0.7427244826382463,EM_Country_ETFs,EM_Broad,EM-EM (HIGH PRIORITY)
BIDU,EMQQ,0.7426168494961644,0.7426168494961644,China_Stocks,EM_Sector,EM-EM (HIGH PRIORITY)
EWT,XLK,0.7425002974408671,0.7425002974408671,EM_Country_ETFs,Developed_Sectors,EM-Developed (MEDIUM PRIORITY)
EEMV,VT,0.7421136593981255,0.7421136593981255,EM_Broad,Developed_Indices,EM-Developed (MEDIUM PRIORITY)
KEMX,PICK,0.7411731586152942,0.7411731586152942,EM_Sector,Commodities_Metals,EM-Commodity (MEDIUM PRIORITY)
COPX,EEM,0.7409849179099308,0.7409849179099308,Commodities_Metals,EM_Broad,EM-Commodity (MEDIUM PRIORITY)
ASX,TSM,0.7405894862379283,0.7405894862379283,Taiwan_Stocks,Taiwan_Stocks,EM-EM (HIGH PRIORITY)
EEMV,EWT,0.7404318915066419,0.7404318915066419,EM_Broad,EM_Country_ETFs,EM-EM (HIGH PRIORITY)
COPX,IEMG,0.7402009772633396,0.7402009772633396,Commodities_Metals,EM_Broad,EM-Commodity (MEDIUM PRIORITY)
GDX,SLV,0.7395192003201865,0.7395192003201865,Commodities_Metals,Commodities_Metals,Non-EM (LOW PRIORITY)
DIA,VEA,0.7386059589832576,0.7386059589832576,Developed_Indices,Developed_Indices,Non-EM (LOW PRIORITY)
COPX,SCHE,0.7385216410975729,0.7385216410975729,Commodities_Metals,EM_Broad,EM-Commodity (MEDIUM PRIORITY)
COPX,SPEM,0.7380173460403742,0.7380173460403742,Commodities_Metals,EM_Broad,EM-Commodity (MEDIUM PRIORITY)
BIDU,MCHI,0.7375949973063562,0.7375949973063562,China_Stocks,EM_Country_ETFs,EM-EM (HIGH PRIORITY)
BIDU,FXI,0.737326833182301,0.737326833182301,China_Stocks,EM_Country_ETFs,EM-EM (HIGH PRIORITY)
HYG,VEA,0.73698926619717,0.73698926619717,Bonds,Developed_Indices,Non-EM (LOW PRIORITY)
EWT,VEA,0.7366578481734872,0.7366578481734872,EM_Country_ETFs,Developed_Indices,EM-Developed (MEDIUM PRIORITY)
COPX,VWO,0.7360591047694043,0.7360591047694043,Commodities_Metals,EM_Broad,EM-Commodity (MEDIUM PRIORITY)
KEMX,SPY,0.7358581654995218,0.7358581654995218,EM_Sector,Developed_Indices,EM-Developed (MEDIUM PRIORITY)
EWH,IEMG,0.7352247547370978,0.7352247547370978,EM_Country_ETFs,EM_Broad,EM-EM (HIGH PRIORITY)
VEA,XLI,0.7349482882203712,0.7349482882203712,Developed_Indices,Developed_Sectors,Non-EM (LOW PRIORITY)
EWT,QQQ,0.734827350397401,0.734827350397401,EM_Country_ETFs,Developed_Indices,EM-Developed (MEDIUM PRIORITY)
KEMX,QQQ,0.7338627226644824,0.7338627226644824,EM_Sector,Developed_Indices,EM-Developed (MEDIUM PRIORITY)
EWZ,UGP,0.7336641678960188,0.7336641678960188,EM_Country_ETFs,Brazil_Stocks,EM-EM (HIGH PRIORITY)
EDIV,EFA,0.7333969959410556,0.7333969959410556,EM_Broad,Developed_Indices,EM-Developed (MEDIUM PRIORITY)
BILI,MCHI,0.7333310404672896,0.7333310404672896,China_Stocks,EM_Country_ETFs,EM-EM (HIGH PRIORITY)
DEM,FXI,0.7333240300451672,0.7333240300451672,EM_Broad,EM_Country_ETFs,EM-EM (HIGH PRIORITY)
BILI,FXI,0.7326498281377148,0.7326498281377148,China_Stocks,EM_Country_ETFs,EM-EM (HIGH PRIORITY)
BABA,JD,0.7316432730849217,0.7316432730849217,China_Stocks,China_Stocks,EM-EM (HIGH PRIORITY)
EZA,KEMX,0.731232046678194,0.731232046678194,EM_Country_ETFs,EM_Sector,EM-EM (HIGH PRIORITY)
EEMV,PICK,0.7303992255198525,0.7303992255198525,EM_Broad,Commodities_Metals,EM-Commodity (MEDIUM PRIORITY)
BBD,EWZ,0.7296704994522913,0.7296704994522913,Brazil_Stocks,EM_Country_ETFs,EM-EM (HIGH PRIORITY)
XLB,XLF,0.7292792414359325,0.7292792414359325,Developed_Sectors,Developed_Sectors,Non-EM (LOW PRIORITY)
EMB,TLT,0.7292645786189472,0.7292645786189472,Bonds,Bonds,Non-EM (LOW PRIORITY)
XLI,XLK,0.72873519947507,0.72873519947507,Developed_Sectors,Developed_Sectors,Non-EM (LOW PRIORITY)
IWM,VEA,0.7282325344390217,0.7282325344390217,Developed_Indices,Developed_Indices,Non-EM (LOW PRIORITY)
DIA,EFA,0.7259689754429977,0.7259689754429977,Developed_Indices,Developed_Indices,Non-EM (LOW PRIORITY)
EWS,IEMG,0.725316139915806,0.725316139915806,EM_Country_ETFs,EM_Broad,EM-EM (HIGH PRIORITY)
CEW,FXA,0.7252783046224548,0.7252783046224548,Currencies,Currencies,Non-EM (LOW PRIORITY)
SID,VALE,0.7252700167836587,0.7252700167836587,Brazil_Stocks,Brazil_Stocks,EM-EM (HIGH PRIORITY)
ASHR,KWEB,0.7246747551080346,0.7246747551080346,EM_Country_ETFs,EM_Country_ETFs,EM-EM (HIGH PRIORITY)
EWT,EWY,0.7242987008395513,0.7242987008395513,EM_Country_ETFs,EM_Country_ETFs,EM-EM (HIGH PRIORITY)
DIA,XLK,0.7240757458197291,0.7240757458197291,Developed_Indices,Developed_Sectors,Non-EM (LOW PRIORITY)
BABA,BIDU,0.7239743956818787,0.7239743956818787,China_Stocks,China_Stocks,EM-EM (HIGH PRIORITY)
EELV,EWT,0.7239351202187039,0.7239351202187039,EM_Sector,EM_Country_ETFs,EM-EM (HIGH PRIORITY)
KEMX,XLK,0.7217020323768043,0.7217020323768043,EM_Sector,Developed_Sectors,EM-Developed (MEDIUM PRIORITY)
EEMV,FXI,0.7201585606543646,0.7201585606543646,EM_Broad,EM_Country_ETFs,EM-EM (HIGH PRIORITY)
EEMV,EZA,0.7200880449471776,0.7200880449471776,EM_Broad,EM_Country_ETFs,EM-EM (HIGH PRIORITY)
EFA,XLI,0.71989882621855,0.71989882621855,Developed_Indices,Developed_Sectors,Non-EM (LOW PRIORITY)
FXA,FXC,0.719871753829343,0.719871753829343,Currencies,Currencies,Non-EM (LOW PRIORITY)
DEM,MCHI,0.7198365121040501,0.7198365121040501,EM_Broad,EM_Country_ETFs,EM-EM (HIGH PRIORITY)
CEW,EELV,0.7194876649441673,0.7194876649441673,Currencies,EM_Sector,EM-Other (MEDIUM PRIORITY)
DIA,HYG,0.7194477921694163,0.7194477921694163,Developed_Indices,Bonds,Non-EM (LOW PRIORITY)
EEMV,EWY,0.7185977539818017,0.7185977539818017,EM_Broad,EM_Country_ETFs,EM-EM (HIGH PRIORITY)
EFA,HYG,0.7185739869545816,0.7185739869545816,Developed_Indices,Bonds,Non-EM (LOW PRIORITY)
EWY,VEA,0.7183073868787756,0.7183073868787756,EM_Country_ETFs,Developed_Indices,EM-Developed (MEDIUM PRIORITY)
EDIV,EWT,0.7177982743296994,0.7177982743296994,EM_Broad,EM_Country_ETFs,EM-EM (HIGH PRIORITY)
ARGT,TEO,0.7173699215403494,0.7173699215403494,EM_Country_ETFs,Other_EM_Stocks,EM-EM (HIGH PRIORITY)
IWM,QQQ,0.716628575472151,0.716628575472151,Developed_Indices,Developed_Indices,Non-EM (LOW PRIORITY)
EEM,EWS,0.7159883095520534,0.7159883095520534,EM_Broad,EM_Country_ETFs,EM-EM (HIGH PRIORITY)
EFA,EWT,0.7157104017726283,0.7157104017726283,Developed_Indices,EM_Country_ETFs,EM-Developed (MEDIUM PRIORITY)
ASX,XLK,0.7154148044940783,0.7154148044940783,Taiwan_Stocks,Developed_Sectors,EM-Developed (MEDIUM PRIORITY)
EWT,VTI,0.7143838164014111,0.7143838164014111,EM_Country_ETFs,Developed_Indices,EM-Developed (MEDIUM PRIORITY)
BBD,ITUB,0.7140029866971147,0.7140029866971147,Brazil_Stocks,Brazil_Stocks,EM-EM (HIGH PRIORITY)
QQQ,TSM,0.7136653854902771,0.7136653854902771,Developed_Indices,Taiwan_Stocks,EM-Developed (MEDIUM PRIORITY)
HYG,LQD,0.7114630986998073,0.7114630986998073,Bonds,Bonds,Non-EM (LOW PRIORITY)
EWT,SPY,0.7104581703780297,0.7104581703780297,EM_Country_ETFs,Developed_Indices,EM-Developed (MEDIUM PRIORITY)
EEMV,MCHI,0.7100213514916965,0.7100213514916965,EM_Broad,EM_Country_ETFs,EM-EM (HIGH PRIORITY)
EWS,SPEM,0.7100004760827637,0.7100004760827637,EM_Country_ETFs,EM_Broad,EM-EM (HIGH PRIORITY)
HYG,XLI,0.7097293136921181,0.7097293136921181,Bonds,Developed_Sectors,Non-EM (LOW PRIORITY)
FXA,VEA,0.7095148593803561,0.7095148593803561,Currencies,Developed_Indices,Non-EM (LOW PRIORITY)
EELV,EWS,0.7094833687180473,0.7094833687180473,EM_Sector,EM_Country_ETFs,EM-EM (HIGH PRIORITY)
QQQ,VEA,0.7094767058083525,0.7094767058083525,Developed_Indices,Developed_Indices,Non-EM (LOW PRIORITY)
GLD,SLV,0.7093763484635174,0.7093763484635174,Commodities_Metals,Commodities_Metals,Non-EM (LOW PRIORITY)
EEMV,EWS,0.7092466873972766,0.7092466873972766,EM_Broad,EM_Country_ETFs,EM-EM (HIGH PRIORITY)
COPX,DBB,0.7091952350293873,0.7091952350293873,Commodities_Metals,Commodities_Metals,Non-EM (LOW PRIORITY)
EWY,SPEM,0.7088871933566746,0.7088871933566746,EM_Country_ETFs,EM_Broad,EM-EM (HIGH PRIORITY)
LQD,SHY,0.7086881608005802,0.7086881608005802,Bonds,Bonds,Non-EM (LOW PRIORITY)
EELV,EWM,0.708513929825811,0.708513929825811,EM_Sector,EM_Country_ETFs,EM-EM (HIGH PRIORITY)
EWS,VWO,0.7083743892070221,0.7083743892070221,EM_Country_ETFs,EM_Broad,EM-EM (HIGH PRIORITY)
DEM,EWY,0.7075607379829404,0.7075607379829404,EM_Broad,EM_Country_ETFs,EM-EM (HIGH PRIORITY)
MCHI,WB,0.7075033906396657,0.7075033906396657,EM_Country_ETFs,China_Stocks,EM-EM (HIGH PRIORITY)
EWY,SCHE,0.7073371467617063,0.7073371467617063,EM_Country_ETFs,EM_Broad,EM-EM (HIGH PRIORITY)
EMB,IEF,0.7067909808893936,0.7067909808893936,Bonds,Bonds,Non-EM (LOW PRIORITY)
EELV,PICK,0.705994271002855,0.705994271002855,EM_Sector,Commodities_Metals,EM-Commodity (MEDIUM PRIORITY)
HYG,XLY,0.7051847870188246,0.7051847870188246,Bonds,Developed_Sectors,Non-EM (LOW PRIORITY)
EELV,FXA,0.7050970654853058,0.7050970654853058,EM_Sector,Currencies,EM-Other (MEDIUM PRIORITY)
FXY,UUP,-0.7050451683827648,0.7050451683827648,Currencies,Currencies,Non-EM (LOW PRIORITY)
DEM,EWH,0.7046297694000053,0.7046297694000053,EM_Broad,EM_Country_ETFs,EM-EM (HIGH PRIORITY)
EELV,EWY,0.7043947400019892,0.7043947400019892,EM_Sector,EM_Country_ETFs,EM-EM (HIGH PRIORITY)
EZA,VEA,0.7041168455359911,0.7041168455359911,EM_Country_ETFs,Developed_Indices,EM-Developed (MEDIUM PRIORITY)
EWY,VWO,0.7040722041666251,0.7040722041666251,EM_Country_ETFs,EM_Broad,EM-EM (HIGH PRIORITY)
AMX,EWW,0.7040460531501501,0.7040460531501501,Other_EM_Stocks,EM_Country_ETFs,EM-EM (HIGH PRIORITY)
EWS,KEMX,0.7038602547128914,0.7038602547128914,EM_Country_ETFs,EM_Sector,EM-EM (HIGH PRIORITY)
EWS,SCHE,0.7037992598523154,0.7037992598523154,EM_Country_ETFs,EM_Broad,EM-EM (HIGH PRIORITY)
XLF,XLY,0.7022744962698677,0.7022744962698677,Developed_Sectors,Developed_Sectors,Non-EM (LOW PRIORITY)
PCY,TLT,0.7021399106020045,0.7021399106020045,Bonds,Bonds,Non-EM (LOW PRIORITY)
EFA,IWM,0.7020249725818468,0.7020249725818468,Developed_Indices,Developed_Indices,Non-EM (LOW PRIORITY)
ASHR,EWH,0.7001143528069285,0.7001143528069285,EM_Country_ETFs,EM_Country_ETFs,EM-EM (HIGH PRIORITY)
KWEB,YMM,0.6997444807719768,0.6997444807719768,EM_Country_ETFs,China_Stocks,EM-EM (HIGH PRIORITY)
EWY,VT,0.6996914683881184,0.6996914683881184,EM_Country_ETFs,Developed_Indices,EM-Developed (MEDIUM PRIORITY)
DEM,FXA,0.6996049867493045,0.6996049867493045,EM_Broad,Currencies,EM-Other (MEDIUM PRIORITY)
FXI,WB,0.699570536872068,0.699570536872068,EM_Country_ETFs,China_Stocks,EM-EM (HIGH PRIORITY)
COPX,VEA,0.699529903292417,0.699529903292417,Commodities_Metals,Developed_Indices,Non-EM (LOW PRIORITY)
FXC,UUP,-0.699489845507479,0.699489845507479,Currencies,Currencies,Non-EM (LOW PRIORITY)
DEM,EWS,0.6994732190392968,0.6994732190392968,EM_Broad,EM_Country_ETFs,EM-EM (HIGH PRIORITY)
AFK,EZA,0.6994490906191771,0.6994490906191771,EM_Country_ETFs,EM_Country_ETFs,EM-EM (HIGH PRIORITY)
IEMG,VTI,0.6990388773379714,0.6990388773379714,EM_Broad,Developed_Indices,EM-Developed (MEDIUM PRIORITY)
DEM,EPU,0.6977151462086273,0.6977151462086273,EM_Broad,EM_Country_ETFs,EM-EM (HIGH PRIORITY)
AFK,PICK,0.6976836165475719,0.6976836165475719,EM_Country_ETFs,Commodities_Metals,EM-Commodity (MEDIUM PRIORITY)
EDIV,EZA,0.6967257786494024,0.6967257786494024,EM_Broad,EM_Country_ETFs,EM-EM (HIGH PRIORITY)
EDIV,PICK,0.6960639320778668,0.6960639320778668,EM_Broad,Commodities_Metals,EM-Commodity (MEDIUM PRIORITY)
EDIV,EMQQ,0.6951996612389499,0.6951996612389499,EM_Broad,EM_Sector,EM-EM (HIGH PRIORITY)
EFA,QQQ,0.6951039680112986,0.6951039680112986,Developed_Indices,Developed_Indices,Non-EM (LOW PRIORITY)
EZA,PICK,0.6944492499088668,0.6944492499088668,EM_Country_ETFs,Commodities_Metals,EM-Commodity (MEDIUM PRIORITY)
XLB,XLY,0.6934205688258087,0.6934205688258087,Developed_Sectors,Developed_Sectors,Non-EM (LOW PRIORITY)
EPU,GDXJ,0.6926734300130325,0.6926734300130325,EM_Country_ETFs,Commodities_Metals,EM-Commodity (MEDIUM PRIORITY)
EEM,VTI,0.6919216184405519,0.6919216184405519,EM_Broad,Developed_Indices,EM-Developed (MEDIUM PRIORITY)
AFK,COPX,0.6915588014020801,0.6915588014020801,EM_Country_ETFs,Commodities_Metals,EM-Commodity (MEDIUM PRIORITY)
FXA,FXB,0.6914787513734003,0.6914787513734003,Currencies,Currencies,Non-EM (LOW PRIORITY)
ASX,QQQ,0.6911991945119701,0.6911991945119701,Taiwan_Stocks,Developed_Indices,EM-Developed (MEDIUM PRIORITY)
IEMG,SPY,0.6910476496425436,0.6910476496425436,EM_Broad,Developed_Indices,EM-Developed (MEDIUM PRIORITY)
FXA,IEMG,0.6908904618906152,0.6908904618906152,Currencies,EM_Broad,EM-Other (MEDIUM PRIORITY)
HYG,XLRE,0.69044996662035,0.69044996662035,Bonds,Developed_Sectors,Non-EM (LOW PRIORITY)
BIDU,JD,0.6900837246348842,0.6900837246348842,China_Stocks,China_Stocks,EM-EM (HIGH PRIORITY)
DEM,VALE,0.6899953992570573,0.6899953992570573,EM_Broad,Brazil_Stocks,EM-EM (HIGH PRIORITY)
EDIV,EWS,0.689834783943594,0.689834783943594,EM_Broad,EM_Country_ETFs,EM-EM (HIGH PRIORITY)
EPU,IEMG,0.6897467978709175,0.6897467978709175,EM_Country_ETFs,EM_Broad,EM-EM (HIGH PRIORITY)
EWH,JD,0.6895085004971166,0.6895085004971166,EM_Country_ETFs,China_Stocks,EM-EM (HIGH PRIORITY)
EFA,FXA,0.6894793018381495,0.6894793018381495,Developed_Indices,Currencies,Non-EM (LOW PRIORITY)
FXA,UUP,-0.6894756071153947,0.6894756071153947,Currencies,Currencies,Non-EM (LOW PRIORITY)
EEM,EPU,0.6893368128252375,0.6893368128252375,EM_Broad,EM_Country_ETFs,EM-EM (HIGH PRIORITY)
DIA,XLV,0.6887854431620748,0.6887854431620748,Developed_Indices,Developed_Sectors,Non-EM (LOW PRIORITY)
EEM,FXA,0.6868995924574111,0.6868995924574111,EM_Broad,Currencies,EM-Other (MEDIUM PRIORITY)
ASX,KEMX,0.6867274823522591,0.6867274823522591,Taiwan_Stocks,EM_Sector,EM-EM (HIGH PRIORITY)
HYG,XLB,0.686726910601813,0.686726910601813,Bonds,Developed_Sectors,Non-EM (LOW PRIORITY)
EEMV,FXA,0.6866325454996496,0.6866325454996496,EM_Broad,Currencies,EM-Other (MEDIUM PRIORITY)
NIO,XPEV,0.6852329880423992,0.6852329880423992,China_Stocks,China_Stocks,EM-EM (HIGH PRIORITY)
EEMV,EWH,0.6851267807591511,0.6851267807591511,EM_Broad,EM_Country_ETFs,EM-EM (HIGH PRIORITY)
CEW,DEM,0.683905995989315,0.683905995989315,Currencies,EM_Broad,EM-Other (MEDIUM PRIORITY)
EEM,SPY,0.6837685255926367,0.6837685255926367,EM_Broad,Developed_Indices,EM-Developed (MEDIUM PRIORITY)
EDIV,FXI,0.6836946007824661,0.6836946007824661,EM_Broad,EM_Country_ETFs,EM-EM (HIGH PRIORITY)
EPU,SPEM,0.6826044148768495,0.6826044148768495,EM_Country_ETFs,EM_Broad,EM-EM (HIGH PRIORITY)
HTHT,KWEB,0.6817935649081626,0.6817935649081626,China_Stocks,EM_Country_ETFs,EM-EM (HIGH PRIORITY)
FXA,SPEM,0.6817514344370649,0.6817514344370649,Currencies,EM_Broad,EM-Other (MEDIUM PRIORITY)
EFA,EZA,0.6813911177864249,0.6813911177864249,Developed_Indices,EM_Country_ETFs,EM-Developed (MEDIUM PRIORITY)
EPU,VEA,0.6812475022427587,0.6812475022427587,EM_Country_ETFs,Developed_Indices,EM-Developed (MEDIUM PRIORITY)
VEA,XLY,0.6811862557387836,0.6811862557387836,Developed_Indices,Developed_Sectors,Non-EM (LOW PRIORITY)
FXA,VWO,0.6803866450380963,0.6803866450380963,Currencies,EM_Broad,EM-Other (MEDIUM PRIORITY)
IEMG,QQQ,0.6801585639375854,0.6801585639375854,EM_Broad,Developed_Indices,EM-Developed (MEDIUM PRIORITY)
CEW,EEMV,0.6800350416878402,0.6800350416878402,Currencies,EM_Broad,EM-Other (MEDIUM PRIORITY)
EDIV,VT,0.6794943409865744,0.6794943409865744,EM_Broad,Developed_Indices,EM-Developed (MEDIUM PRIORITY)
KWEB,VIPS,0.6789078166740957,0.6789078166740957,EM_Country_ETFs,China_Stocks,EM-EM (HIGH PRIORITY)
EPU,VWO,0.6786065473707306,0.6786065473707306,EM_Country_ETFs,EM_Broad,EM-EM (HIGH PRIORITY)
EELV,THD,0.6785821186989868,0.6785821186989868,EM_Sector,EM_Country_ETFs,EM-EM (HIGH PRIORITY)
HYG,QQQ,0.6779922630154347,0.6779922630154347,Bonds,Developed_Indices,Non-EM (LOW PRIORITY)
EPU,SCHE,0.6778637976154129,0.6778637976154129,EM_Country_ETFs,EM_Broad,EM-EM (HIGH PRIORITY)
FXA,SCHE,0.6777693660120564,0.6777693660120564,Currencies,EM_Broad,EM-Other (MEDIUM PRIORITY)
COPX,EFA,0.6777292833164277,0.6777292833164277,Commodities_Metals,Developed_Indices,Non-EM (LOW PRIORITY)
BILI,JD,0.677473185881646,0.677473185881646,China_Stocks,China_Stocks,EM-EM (HIGH PRIORITY)
COPX,EZA,0.6768851827835651,0.6768851827835651,Commodities_Metals,EM_Country_ETFs,EM-Commodity (MEDIUM PRIORITY)
BILI,EMQQ,0.6763465000766197,0.6763465000766197,China_Stocks,EM_Sector,EM-EM (HIGH PRIORITY)
EDIV,FXA,0.6763417168318154,0.6763417168318154,EM_Broad,Currencies,EM-Other (MEDIUM PRIORITY)
KEMX,TSM,0.6762798341983413,0.6762798341983413,EM_Sector,Taiwan_Stocks,EM-EM (HIGH PRIORITY)
EFA,EWY,0.676116659495046,0.676116659495046,Developed_Indices,EM_Country_ETFs,EM-Developed (MEDIUM PRIORITY)
COPX,KEMX,0.6750998137517089,0.6750998137517089,Commodities_Metals,EM_Sector,EM-Commodity (MEDIUM PRIORITY)
COPX,EEMV,0.6750911912373903,0.6750911912373903,Commodities_Metals,EM_Broad,EM-Commodity (MEDIUM PRIORITY)
EMQQ,KEMX,0.6747125906769269,0.6747125906769269,EM_Sector,EM_Sector,EM-EM (HIGH PRIORITY)
EEM,QQQ,0.6745768485307392,0.6745768485307392,EM_Broad,Developed_Indices,EM-Developed (MEDIUM PRIORITY)
BABA,SCHE,0.674227582320445,0.674227582320445,China_Stocks,EM_Broad,EM-EM (HIGH PRIORITY)
EZA,FXA,0.6737536226374216,0.6737536226374216,EM_Country_ETFs,Currencies,EM-Other (MEDIUM PRIORITY)
XLB,XLRE,0.6735930466226634,0.6735930466226634,Developed_Sectors,Developed_Sectors,Non-EM (LOW PRIORITY)
IWM,XLK,0.6733320888538987,0.6733320888538987,Developed_Indices,Developed_Sectors,Non-EM (LOW PRIORITY)
EWS,VTI,0.6726696435381451,0.6726696435381451,EM_Country_ETFs,Developed_Indices,EM-Developed (MEDIUM PRIORITY)
DEM,ECH,0.6723461971134201,0.6723461971134201,EM_Broad,EM_Country_ETFs,EM-EM (HIGH PRIORITY)
AFK,VEA,0.6720764810081854,0.6720764810081854,EM_Country_ETFs,Developed_Indices,EM-Developed (MEDIUM PRIORITY)
ASX,VT,0.6719503644112816,0.6719503644112816,Taiwan_Stocks,Developed_Indices,EM-Developed (MEDIUM PRIORITY)
ECH,IEMG,0.6713918538565187,0.6713918538565187,EM_Country_ETFs,EM_Broad,EM-EM (HIGH PRIORITY)
CEW,EZA,0.670759602072329,0.670759602072329,Currencies,EM_Country_ETFs,EM-Other (MEDIUM PRIORITY)
ECH,EEM,0.670557889555832,0.670557889555832,EM_Country_ETFs,EM_Broad,EM-EM (HIGH PRIORITY)
SPEM,VTI,0.6695236330345912,0.6695236330345912,EM_Broad,Developed_Indices,EM-Developed (MEDIUM PRIORITY)
SHY,TLT,0.6694167039024916,0.6694167039024916,Bonds,Bonds,Non-EM (LOW PRIORITY)
EDIV,MCHI,0.6693058387031108,0.6693058387031108,EM_Broad,EM_Country_ETFs,EM-EM (HIGH PRIORITY)
EMQQ,WB,0.6689175369367313,0.6689175369367313,EM_Sector,China_Stocks,EM-EM (HIGH PRIORITY)
EWS,SPY,0.6686641676902003,0.6686641676902003,EM_Country_ETFs,Developed_Indices,EM-Developed (MEDIUM PRIORITY)
CEW,IEMG,0.6681637204463164,0.6681637204463164,Currencies,EM_Broad,EM-Other (MEDIUM PRIORITY)
EMQQ,PICK,0.6681616359135337,0.6681616359135337,EM_Sector,Commodities_Metals,EM-Commodity (MEDIUM PRIORITY)
BABA,VWO,0.6678707510939234,0.6678707510939234,China_Stocks,EM_Broad,EM-EM (HIGH PRIORITY)
DBO,XOP,0.6675356405866478,0.6675356405866478,Commodities_Energy,Commodities_Energy,Non-EM (LOW PRIORITY)
VEA,XLK,0.6673009093551915,0.6673009093551915,Developed_Indices,Developed_Sectors,Non-EM (LOW PRIORITY)
ECH,EELV,0.6666713962057936,0.6666713962057936,EM_Country_ETFs,EM_Sector,EM-EM (HIGH PRIORITY)
CEW,EEM,0.6661226322193533,0.6661226322193533,Currencies,EM_Broad,EM-Other (MEDIUM PRIORITY)
EMQQ,VT,0.6659388567196455,0.6659388567196455,EM_Sector,Developed_Indices,EM-Developed (MEDIUM PRIORITY)
BABA,EWH,0.6658311299250489,0.6658311299250489,China_Stocks,EM_Country_ETFs,EM-EM (HIGH PRIORITY)
EFA,XLY,0.6657509869165648,0.6657509869165648,Developed_Indices,Developed_Sectors,Non-EM (LOW PRIORITY)
EWZ,SID,0.6654025010684599,0.6654025010684599,EM_Country_ETFs,Brazil_Stocks,EM-EM (HIGH PRIORITY)
ECH,SPEM,0.6653402001288283,0.6653402001288283,EM_Country_ETFs,EM_Broad,EM-EM (HIGH PRIORITY)
VTI,VWO,0.665086872238567,0.665086872238567,Developed_Indices,EM_Broad,EM-Developed (MEDIUM PRIORITY)
IBN,INDY,0.6649775946288446,0.6649775946288446,India_Stocks,EM_Country_ETFs,EM-EM (HIGH PRIORITY)
SCHE,VTI,0.6636553601129391,0.6636553601129391,EM_Broad,Developed_Indices,EM-Developed (MEDIUM PRIORITY)
JD,SCHE,0.663454449222557,0.663454449222557,China_Stocks,EM_Broad,EM-EM (HIGH PRIORITY)
ECH,SCHE,0.6634373869255761,0.6634373869255761,EM_Country_ETFs,EM_Broad,EM-EM (HIGH PRIORITY)
DEM,KWEB,0.6632139736721064,0.6632139736721064,EM_Broad,EM_Country_ETFs,EM-EM (HIGH PRIORITY)
ECH,VWO,0.6631244944527989,0.6631244944527989,EM_Country_ETFs,EM_Broad,EM-EM (HIGH PRIORITY)
EELV,EMQQ,0.6629688670580048,0.6629688670580048,EM_Sector,EM_Sector,EM-EM (HIGH PRIORITY)
KEMX,XLB,0.6624869479550387,0.6624869479550387,EM_Sector,Developed_Sectors,EM-Developed (MEDIUM PRIORITY)
EPU,GDX,0.662439377516894,0.662439377516894,EM_Country_ETFs,Commodities_Metals,EM-Commodity (MEDIUM PRIORITY)
FXI,HTHT,0.6624245811754859,0.6624245811754859,EM_Country_ETFs,China_Stocks,EM-EM (HIGH PRIORITY)
IWM,OIH,0.6619178759455459,0.6619178759455459,Developed_Indices,Commodities_Energy,Non-EM (LOW PRIORITY)
IEMG,XLK,0.6614520463363958,0.6614520463363958,EM_Broad,Developed_Sectors,EM-Developed (MEDIUM PRIORITY)
EMQQ,VEA,0.6613082505792358,0.6613082505792358,EM_Sector,Developed_Indices,EM-Developed (MEDIUM PRIORITY)
FXA,PICK,0.661247641965725,0.661247641965725,Currencies,Commodities_Metals,Non-EM (LOW PRIORITY)
COPX,VALE,0.6611049049785853,0.6611049049785853,Commodities_Metals,Brazil_Stocks,EM-Commodity (MEDIUM PRIORITY)
IEMG,XLB,0.6607672559198217,0.6607672559198217,EM_Broad,Developed_Sectors,EM-Developed (MEDIUM PRIORITY)
AFK,IEMG,0.6605733275549064,0.6605733275549064,EM_Country_ETFs,EM_Broad,EM-EM (HIGH PRIORITY)
EEMV,THD,0.6605683624312719,0.6605683624312719,EM_Broad,EM_Country_ETFs,EM-EM (HIGH PRIORITY)
IWM,KEMX,0.6604801990508239,0.6604801990508239,Developed_Indices,EM_Sector,EM-Developed (MEDIUM PRIORITY)
SPEM,SPY,0.660328270453212,0.660328270453212,EM_Broad,Developed_Indices,EM-Developed (MEDIUM PRIORITY)
INFY,WIT,0.6598916661188773,0.6598916661188773,India_Stocks,India_Stocks,EM-EM (HIGH PRIORITY)
BABA,SPEM,0.6596093658843575,0.6596093658843575,China_Stocks,EM_Broad,EM-EM (HIGH PRIORITY)
CEW,UUP,-0.6592834943745319,0.6592834943745319,Currencies,Currencies,Non-EM (LOW PRIORITY)
HTHT,MCHI,0.6591361269581938,0.6591361269581938,China_Stocks,EM_Country_ETFs,EM-EM (HIGH PRIORITY)
CEW,EDIV,0.6590450042565654,0.6590450042565654,Currencies,EM_Broad,EM-Other (MEDIUM PRIORITY)
EFA,EPU,0.6587772104777266,0.6587772104777266,Developed_Indices,EM_Country_ETFs,EM-Developed (MEDIUM PRIORITY)
AFK,EEM,0.6586079194685492,0.6586079194685492,EM_Country_ETFs,EM_Broad,EM-EM (HIGH PRIORITY)
KWEB,PDD,0.6585803198000384,0.6585803198000384,EM_Country_ETFs,China_Stocks,EM-EM (HIGH PRIORITY)
EEM,XLB,0.6579241555298625,0.6579241555298625,EM_Broad,Developed_Sectors,EM-Developed (MEDIUM PRIORITY)
DBB,PICK,0.6578101189173894,0.6578101189173894,Commodities_Metals,Commodities_Metals,Non-EM (LOW PRIORITY)
SPEM,VALE,0.6575006352363465,0.6575006352363465,EM_Broad,Brazil_Stocks,EM-EM (HIGH PRIORITY)
JD,WB,0.6573664301855907,0.6573664301855907,China_Stocks,China_Stocks,EM-EM (HIGH PRIORITY)
JD,VWO,0.6573027778166378,0.6573027778166378,China_Stocks,EM_Broad,EM-EM (HIGH PRIORITY)
EEM,XLK,0.6570331167371138,0.6570331167371138,EM_Broad,Developed_Sectors,EM-Developed (MEDIUM PRIORITY)
DEM,XLB,0.6566836713323442,0.6566836713323442,EM_Broad,Developed_Sectors,EM-Developed (MEDIUM PRIORITY)
ECH,EPU,0.6566364422957591,0.6566364422957591,EM_Country_ETFs,EM_Country_ETFs,EM-EM (HIGH PRIORITY)
SPY,VWO,0.6562676619039234,0.6562676619039234,Developed_Indices,EM_Broad,EM-Developed (MEDIUM PRIORITY)
COPX,EDIV,0.6561452034304343,0.6561452034304343,Commodities_Metals,EM_Broad,EM-Commodity (MEDIUM PRIORITY)
FXA,KEMX,0.6558989459552981,0.6558989459552981,Currencies,EM_Sector,EM-Other (MEDIUM PRIORITY)
SCHE,VALE,0.6554538087317066,0.6554538087317066,EM_Broad,Brazil_Stocks,EM-EM (HIGH PRIORITY)
VALE,VWO,0.6554395993551471,0.6554395993551471,Brazil_Stocks,EM_Broad,EM-EM (HIGH PRIORITY)
SCHE,SPY,0.6553431422974784,0.6553431422974784,EM_Broad,Developed_Indices,EM-Developed (MEDIUM PRIORITY)
EELV,EWZ,0.6552287974754337,0.6552287974754337,EM_Sector,EM_Country_ETFs,EM-EM (HIGH PRIORITY)
IEMG,THD,0.655129590476766,0.655129590476766,EM_Broad,EM_Country_ETFs,EM-EM (HIGH PRIORITY)
AFK,KEMX,0.6549738454439563,0.6549738454439563,EM_Country_ETFs,EM_Sector,EM-EM (HIGH PRIORITY)
AFK,DEM,0.6549432094387099,0.6549432094387099,EM_Country_ETFs,EM_Broad,EM-EM (HIGH PRIORITY)
JD,SPEM,0.6545042344236326,0.6545042344236326,China_Stocks,EM_Broad,EM-EM (HIGH PRIORITY)
CEW,FXB,0.6543394316304344,0.6543394316304344,Currencies,Currencies,Non-EM (LOW PRIORITY)
EPU,EZA,0.654263206594159,0.654263206594159,EM_Country_ETFs,EM_Country_ETFs,EM-EM (HIGH PRIORITY)
EEMV,KWEB,0.6542049497304515,0.6542049497304515,EM_Broad,EM_Country_ETFs,EM-EM (HIGH PRIORITY)
CEW,VWO,0.6541239883217952,0.6541239883217952,Currencies,EM_Broad,EM-Other (MEDIUM PRIORITY)
OIH,XLI,0.6540242388675092,0.6540242388675092,Commodities_Energy,Developed_Sectors,Non-EM (LOW PRIORITY)
EPU,KEMX,0.6536787989931127,0.6536787989931127,EM_Country_ETFs,EM_Sector,EM-EM (HIGH PRIORITY)
AFK,EPU,0.6536098805422644,0.6536098805422644,EM_Country_ETFs,EM_Country_ETFs,EM-EM (HIGH PRIORITY)
ITUB,UGP,0.6535372363374489,0.6535372363374489,Brazil_Stocks,Brazil_Stocks,EM-EM (HIGH PRIORITY)
BABA,EEM,0.6533473615682148,0.6533473615682148,China_Stocks,EM_Broad,EM-EM (HIGH PRIORITY)
EFA,XLK,0.653217625156423,0.653217625156423,Developed_Indices,Developed_Sectors,Non-EM (LOW PRIORITY)
EWS,HYG,0.6526231684108033,0.6526231684108033,EM_Country_ETFs,Bonds,EM-Other (MEDIUM PRIORITY)
DEM,EWZ,0.6517159790425933,0.6517159790425933,EM_Broad,EM_Country_ETFs,EM-EM (HIGH PRIORITY)
ECH,PICK,0.6514809912169591,0.6514809912169591,EM_Country_ETFs,Commodities_Metals,EM-Commodity (MEDIUM PRIORITY)
CIG,EWZ,0.6514798359854795,0.6514798359854795,Brazil_Stocks,EM_Country_ETFs,EM-EM (HIGH PRIORITY)
IEMG,VALE,0.6514162871761786,0.6514162871761786,EM_Broad,Brazil_Stocks,EM-EM (HIGH PRIORITY)
EEM,VALE,0.65093705225379,0.65093705225379,EM_Broad,Brazil_Stocks,EM-EM (HIGH PRIORITY)
EDIV,EWH,0.6506609904891625,0.6506609904891625,EM_Broad,EM_Country_ETFs,EM-EM (HIGH PRIORITY)
EDIV,THD,0.6504494042978574,0.6504494042978574,EM_Broad,EM_Country_ETFs,EM-EM (HIGH PRIORITY)
EEM,THD,0.6503510130212453,0.6503510130212453,EM_Broad,EM_Country_ETFs,EM-EM (HIGH PRIORITY)
HYG,KEMX,0.6499103610770705,0.6499103610770705,Bonds,EM_Sector,EM-Other (MEDIUM PRIORITY)
EEMV,EWM,0.6496204696161781,0.6496204696161781,EM_Broad,EM_Country_ETFs,EM-EM (HIGH PRIORITY)
CEW,KEMX,0.6494822850792802,0.6494822850792802,Currencies,EM_Sector,EM-Other (MEDIUM PRIORITY)
EELV,XLB,0.6493142758336629,0.6493142758336629,EM_Sector,Developed_Sectors,EM-Developed (MEDIUM PRIORITY)
CEW,SPEM,0.6488810600293966,0.6488810600293966,Currencies,EM_Broad,EM-Other (MEDIUM PRIORITY)
PICK,VTI,0.648847922190406,0.648847922190406,Commodities_Metals,Developed_Indices,Non-EM (LOW PRIORITY)
EFA,EMQQ,0.6487075902119547,0.6487075902119547,Developed_Indices,EM_Sector,EM-Developed (MEDIUM PRIORITY)
CEW,SCHE,0.6486718959038743,0.6486718959038743,Currencies,EM_Broad,EM-Other (MEDIUM PRIORITY)
AFK,EFA,0.6486673747022655,0.6486673747022655,EM_Country_ETFs,Developed_Indices,EM-Developed (MEDIUM PRIORITY)
EWZ,VALE,0.6486153880003537,0.6486153880003537,EM_Country_ETFs,Brazil_Stocks,EM-EM (HIGH PRIORITY)
SPEM,XLB,0.6478890861932196,0.6478890861932196,EM_Broad,Developed_Sectors,EM-Developed (MEDIUM PRIORITY)
EMB,XLRE,0.6476561698903696,0.6476561698903696,Bonds,Developed_Sectors,Non-EM (LOW PRIORITY)
ECH,VEA,0.6476525819985252,0.6476525819985252,EM_Country_ETFs,Developed_Indices,EM-Developed (MEDIUM PRIORITY)
COPX,VT,0.6474469513095089,0.6474469513095089,Commodities_Metals,Developed_Indices,Non-EM (LOW PRIORITY)
BNO,XOP,0.6473556533019245,0.6473556533019245,Commodities_Energy,Commodities_Energy,Non-EM (LOW PRIORITY)
IWM,PICK,0.6468268560982267,0.6468268560982267,Developed_Indices,Commodities_Metals,Non-EM (LOW PRIORITY)
HYG,XLF,0.64658800277791,0.64658800277791,Bonds,Developed_Sectors,Non-EM (LOW PRIORITY)
USO,XOP,0.6465831101416273,0.6465831101416273,Commodities_Energy,Commodities_Energy,Non-EM (LOW PRIORITY)
PCY,VT,0.6465147967977533,0.6465147967977533,Bonds,Developed_Indices,Non-EM (LOW PRIORITY)
VWO,XLB,0.6465053400124535,0.6465053400124535,EM_Broad,Developed_Sectors,EM-Developed (MEDIUM PRIORITY)
EELV,HYG,0.6464204638854996,0.6464204638854996,EM_Sector,Bonds,EM-Other (MEDIUM PRIORITY)
THD,VWO,0.6461464675780182,0.6461464675780182,EM_Country_ETFs,EM_Broad,EM-EM (HIGH PRIORITY)
QQQ,SPEM,0.6460994311695689,0.6460994311695689,Developed_Indices,EM_Broad,EM-Developed (MEDIUM PRIORITY)
TSM,VT,0.6459954606697359,0.6459954606697359,Taiwan_Stocks,Developed_Indices,EM-Developed (MEDIUM PRIORITY)
IEF,PCY,0.6459605010589268,0.6459605010589268,Bonds,Bonds,Non-EM (LOW PRIORITY)
EWS,XLB,0.6455895986192499,0.6455895986192499,EM_Country_ETFs,Developed_Sectors,EM-Developed (MEDIUM PRIORITY)
ASHR,VWO,0.6455080750006619,0.6455080750006619,EM_Country_ETFs,EM_Broad,EM-EM (HIGH PRIORITY)
ASHR,SPEM,0.6452437194332388,0.6452437194332388,EM_Country_ETFs,EM_Broad,EM-EM (HIGH PRIORITY)
QQQ,SCHE,0.6450069487884337,0.6450069487884337,Developed_Indices,EM_Broad,EM-Developed (MEDIUM PRIORITY)
ECH,EEMV,0.64446104655475,0.64446104655475,EM_Country_ETFs,EM_Broad,EM-EM (HIGH PRIORITY)
EELV,VTI,0.6443975792274108,0.6443975792274108,EM_Sector,Developed_Indices,EM-Developed (MEDIUM PRIORITY)
BIDU,SCHE,0.6437246371700149,0.6437246371700149,China_Stocks,EM_Broad,EM-EM (HIGH PRIORITY)
BABA,BILI,0.642993581072838,0.642993581072838,China_Stocks,China_Stocks,EM-EM (HIGH PRIORITY)
EWT,PICK,0.6429024316841768,0.6429024316841768,EM_Country_ETFs,Commodities_Metals,EM-Commodity (MEDIUM PRIORITY)
BILI,EWH,0.642884546327131,0.642884546327131,China_Stocks,EM_Country_ETFs,EM-EM (HIGH PRIORITY)
SCHE,THD,0.6426510590026998,0.6426510590026998,EM_Broad,EM_Country_ETFs,EM-EM (HIGH PRIORITY)
AFK,SPEM,0.6426059331912498,0.6426059331912498,EM_Country_ETFs,EM_Broad,EM-EM (HIGH PRIORITY)
BILI,WB,0.6425630223493874,0.6425630223493874,China_Stocks,China_Stocks,EM-EM (HIGH PRIORITY)
VEA,XLF,0.6421910233338943,0.6421910233338943,Developed_Indices,Developed_Sectors,Non-EM (LOW PRIORITY)
KEMX,XLI,0.6421533238568503,0.6421533238568503,EM_Sector,Developed_Sectors,EM-Developed (MEDIUM PRIORITY)
EMB,VEA,0.6420577021536662,0.6420577021536662,Bonds,Developed_Indices,Non-EM (LOW PRIORITY)
QQQ,VWO,0.6419411767110192,0.6419411767110192,Developed_Indices,EM_Broad,EM-Developed (MEDIUM PRIORITY)
ASX,VTI,0.6417386952502094,0.6417386952502094,Taiwan_Stocks,Developed_Indices,EM-Developed (MEDIUM PRIORITY)
CEW,VEA,0.6415515333447935,0.6415515333447935,Currencies,Developed_Indices,Non-EM (LOW PRIORITY)
EWS,EWT,0.6414828443109981,0.6414828443109981,EM_Country_ETFs,EM_Country_ETFs,EM-EM (HIGH PRIORITY)
SCHE,XLB,0.6409609484205461,0.6409609484205461,EM_Broad,Developed_Sectors,EM-Developed (MEDIUM PRIORITY)
BABA,IEMG,0.6408634392043546,0.6408634392043546,China_Stocks,EM_Broad,EM-EM (HIGH PRIORITY)
AFK,SCHE,0.6407368094571526,0.6407368094571526,EM_Country_ETFs,EM_Broad,EM-EM (HIGH PRIORITY)
KWEB,TME,0.6404648549844884,0.6404648549844884,EM_Country_ETFs,China_Stocks,EM-EM (HIGH PRIORITY)
KEMX,THD,0.6404591089959027,0.6404591089959027,EM_Sector,EM_Country_ETFs,EM-EM (HIGH PRIORITY)
COPX,XLB,0.6402494048281754,0.6402494048281754,Commodities_Metals,Developed_Sectors,Non-EM (LOW PRIORITY)
EEM,JD,0.6399222471039493,0.6399222471039493,EM_Broad,China_Stocks,EM-EM (HIGH PRIORITY)
AFK,VT,0.6398998803081049,0.6398998803081049,EM_Country_ETFs,Developed_Indices,EM-Developed (MEDIUM PRIORITY)
EZA,VT,0.6398664949099148,0.6398664949099148,EM_Country_ETFs,Developed_Indices,EM-Developed (MEDIUM PRIORITY)
SPEM,THD,0.6398556836155888,0.6398556836155888,EM_Broad,EM_Country_ETFs,EM-EM (HIGH PRIORITY)
BIDU,VWO,0.6397110855665313,0.6397110855665313,China_Stocks,EM_Broad,EM-EM (HIGH PRIORITY)
AFK,VWO,0.6391554387191719,0.6391554387191719,EM_Country_ETFs,EM_Broad,EM-EM (HIGH PRIORITY)
AFK,EELV,0.6381505269655661,0.6381505269655661,EM_Country_ETFs,EM_Sector,EM-EM (HIGH PRIORITY)
XLRE,XLU,0.638131696142768,0.638131696142768,Developed_Sectors,Developed_Sectors,Non-EM (LOW PRIORITY)
PCY,XLRE,0.6381239143243568,0.6381239143243568,Bonds,Developed_Sectors,Non-EM (LOW PRIORITY)
COPX,EELV,0.6381135649618666,0.6381135649618666,Commodities_Metals,EM_Sector,EM-Commodity (MEDIUM PRIORITY)
EMQQ,PDD,0.637755263264673,0.637755263264673,EM_Sector,China_Stocks,EM-EM (HIGH PRIORITY)
FXC,FXE,0.6375003200177474,0.6375003200177474,Currencies,Currencies,Non-EM (LOW PRIORITY)
ASX,SPY,0.6371131666524245,0.6371131666524245,Taiwan_Stocks,Developed_Indices,EM-Developed (MEDIUM PRIORITY)
COPX,FXA,0.6368731515191959,0.6368731515191959,Commodities_Metals,Currencies,Non-EM (LOW PRIORITY)
QQQ,XLF,0.6367508650245263,0.6367508650245263,Developed_Indices,Developed_Sectors,Non-EM (LOW PRIORITY)
IWM,XLRE,0.636567651749239,0.636567651749239,Developed_Indices,Developed_Sectors,Non-EM (LOW PRIORITY)
EMB,VT,0.6364219863000035,0.6364219863000035,Bonds,Developed_Indices,Non-EM (LOW PRIORITY)
BIDU,SPEM,0.6360146683004363,0.6360146683004363,China_Stocks,EM_Broad,EM-EM (HIGH PRIORITY)
ASHR,SCHE,0.6359473975077929,0.6359473975077929,EM_Country_ETFs,EM_Broad,EM-EM (HIGH PRIORITY)
COPX,SLV,0.6356387363114064,0.6356387363114064,Commodities_Metals,Commodities_Metals,Non-EM (LOW PRIORITY)
SPY,TSM,0.6356293750417084,0.6356293750417084,Developed_Indices,Taiwan_Stocks,EM-Developed (MEDIUM PRIORITY)
OIH,XLB,0.6355527563515909,0.6355527563515909,Commodities_Energy,Developed_Sectors,Non-EM (LOW PRIORITY)
FXA,FXE,0.6352594711666477,0.6352594711666477,Currencies,Currencies,Non-EM (LOW PRIORITY)
PICK,SPY,0.6352180465346415,0.6352180465346415,Commodities_Metals,Developed_Indices,Non-EM (LOW PRIORITY)
COPX,ECH,0.6349066790058158,0.6349066790058158,Commodities_Metals,EM_Country_ETFs,EM-Commodity (MEDIUM PRIORITY)
KEMX,XLY,0.6346905945357979,0.6346905945357979,EM_Sector,Developed_Sectors,EM-Developed (MEDIUM PRIORITY)
ECH,EFA,0.6345181150021234,0.6345181150021234,EM_Country_ETFs,Developed_Indices,EM-Developed (MEDIUM PRIORITY)
EEMV,EPU,0.6342468684620566,0.6342468684620566,EM_Broad,EM_Country_ETFs,EM-EM (HIGH PRIORITY)
DIA,KEMX,0.6341795203820201,0.6341795203820201,Developed_Indices,EM_Sector,EM-Developed (MEDIUM PRIORITY)
EDIV,EWY,0.6340833343100295,0.6340833343100295,EM_Broad,EM_Country_ETFs,EM-EM (HIGH PRIORITY)
QQQ,XLB,0.6338350104418308,0.6338350104418308,Developed_Indices,Developed_Sectors,Non-EM (LOW PRIORITY)
ASX,IEMG,0.6336888452903431,0.6336888452903431,Taiwan_Stocks,EM_Broad,EM-EM (HIGH PRIORITY)
EELV,SPY,0.633662683090379,0.633662683090379,EM_Sector,Developed_Indices,EM-Developed (MEDIUM PRIORITY)
TSM,VTI,0.6334545284862768,0.6334545284862768,Taiwan_Stocks,Developed_Indices,EM-Developed (MEDIUM PRIORITY)
EEMV,XLB,0.6324396807827264,0.6324396807827264,EM_Broad,Developed_Sectors,EM-Developed (MEDIUM PRIORITY)
EELV,EPU,0.6324232285393686,0.6324232285393686,EM_Sector,EM_Country_ETFs,EM-EM (HIGH PRIORITY)
DBO,XLE,0.6320748053265669,0.6320748053265669,Commodities_Energy,Commodities_Energy,Non-EM (LOW PRIORITY)
ASX,EEM,0.6316704053037079,0.6316704053037079,Taiwan_Stocks,EM_Broad,EM-EM (HIGH PRIORITY)
ECH,KEMX,0.631392538308115,0.631392538308115,EM_Country_ETFs,EM_Sector,EM-EM (HIGH PRIORITY)
EMQQ,EZA,0.6308604522117724,0.6308604522117724,EM_Sector,EM_Country_ETFs,EM-EM (HIGH PRIORITY)
HDB,INDY,0.6300635776941828,0.6300635776941828,India_Stocks,EM_Country_ETFs,EM-EM (HIGH PRIORITY)
EMQQ,YMM,0.6297031299125962,0.6297031299125962,EM_Sector,China_Stocks,EM-EM (HIGH PRIORITY)
PCY,VEA,0.6285074818679294,0.6285074818679294,Bonds,Developed_Indices,Non-EM (LOW PRIORITY)
MCHI,YMM,0.6284419651090487,0.6284419651090487,EM_Country_ETFs,China_Stocks,EM-EM (HIGH PRIORITY)
HYG,XLK,0.6283843404207331,0.6283843404207331,Bonds,Developed_Sectors,Non-EM (LOW PRIORITY)
IEMG,JD,0.6276664231108352,0.6276664231108352,EM_Broad,China_Stocks,EM-EM (HIGH PRIORITY)
EFA,XLF,0.6275108153132237,0.6275108153132237,Developed_Indices,Developed_Sectors,Non-EM (LOW PRIORITY)
DEM,VTI,0.627122476807841,0.627122476807841,EM_Broad,Developed_Indices,EM-Developed (MEDIUM PRIORITY)
EPU,FXA,0.6270668072818548,0.6270668072818548,EM_Country_ETFs,Currencies,EM-Other (MEDIUM PRIORITY)
COPX,EMQQ,0.6270285820742957,0.6270285820742957,Commodities_Metals,EM_Sector,EM-Commodity (MEDIUM PRIORITY)
SCHE,XLK,0.6269393194080846,0.6269393194080846,EM_Broad,Developed_Sectors,EM-Developed (MEDIUM PRIORITY)
BIDU,EEM,0.6267939600381557,0.6267939600381557,China_Stocks,EM_Broad,EM-EM (HIGH PRIORITY)
SPEM,XLK,0.6266908778359387,0.6266908778359387,EM_Broad,Developed_Sectors,EM-Developed (MEDIUM PRIORITY)
EWM,KEMX,0.6265080968005664,0.6265080968005664,EM_Country_ETFs,EM_Sector,EM-EM (HIGH PRIORITY)
EWS,PICK,0.6257567736819687,0.6257567736819687,EM_Country_ETFs,Commodities_Metals,EM-Commodity (MEDIUM PRIORITY)
EFA,EMB,0.6254792865248777,0.6254792865248777,Developed_Indices,Bonds,Non-EM (LOW PRIORITY)
EWY,QQQ,0.6249621323413429,0.6249621323413429,EM_Country_ETFs,Developed_Indices,EM-Developed (MEDIUM PRIORITY)
EEMV,VTI,0.6242389170156251,0.6242389170156251,EM_Broad,Developed_Indices,EM-Developed (MEDIUM PRIORITY)
KWEB,XPEV,0.6237620424911612,0.6237620424911612,EM_Country_ETFs,China_Stocks,EM-EM (HIGH PRIORITY)
BIDU,EWH,0.6235982249944643,0.6235982249944643,China_Stocks,EM_Country_ETFs,EM-EM (HIGH PRIORITY)
EWH,WB,0.6232565361710628,0.6232565361710628,EM_Country_ETFs,China_Stocks,EM-EM (HIGH PRIORITY)
OIH,VT,0.623256491153114,0.623256491153114,Commodities_Energy,Developed_Indices,Non-EM (LOW PRIORITY)
IEMG,IWM,0.6228328286667868,0.6228328286667868,EM_Broad,Developed_Indices,EM-Developed (MEDIUM PRIORITY)
VWO,XLK,0.6225543359105646,0.6225543359105646,EM_Broad,Developed_Sectors,EM-Developed (MEDIUM PRIORITY)
EPU,XLB,0.6222740065573631,0.6222740065573631,EM_Country_ETFs,Developed_Sectors,EM-Developed (MEDIUM PRIORITY)
BNO,XLE,0.6221034438506833,0.6221034438506833,Commodities_Energy,Commodities_Energy,Non-EM (LOW PRIORITY)
EWY,VTI,0.6218192194698112,0.6218192194698112,EM_Country_ETFs,Developed_Indices,EM-Developed (MEDIUM PRIORITY)
OIH,VTI,0.6216618934024998,0.6216618934024998,Commodities_Energy,Developed_Indices,Non-EM (LOW PRIORITY)
EWH,PICK,0.6213662373316755,0.6213662373316755,EM_Country_ETFs,Commodities_Metals,EM-Commodity (MEDIUM PRIORITY)
CEW,EFA,0.6212861250932525,0.6212861250932525,Currencies,Developed_Indices,Non-EM (LOW PRIORITY)
EPU,VT,0.6212563036934842,0.6212563036934842,EM_Country_ETFs,Developed_Indices,EM-Developed (MEDIUM PRIORITY)
COPX,GDXJ,0.6212127248982808,0.6212127248982808,Commodities_Metals,Commodities_Metals,Non-EM (LOW PRIORITY)
DBO,OIH,0.6210099268246946,0.6210099268246946,Commodities_Energy,Commodities_Energy,Non-EM (LOW PRIORITY)
EDIV,EPU,0.6209173428238155,0.6209173428238155,EM_Broad,EM_Country_ETFs,EM-EM (HIGH PRIORITY)
CEW,FXE,0.6207422279184222,0.6207422279184222,Currencies,Currencies,Non-EM (LOW PRIORITY)
EPU,SLV,0.6206204929055533,0.6206204929055533,EM_Country_ETFs,Commodities_Metals,EM-Commodity (MEDIUM PRIORITY)
HYG,IEMG,0.6205369064909434,0.6205369064909434,Bonds,EM_Broad,EM-Other (MEDIUM PRIORITY)
USO,XLE,0.620501172544504,0.620501172544504,Commodities_Energy,Commodities_Energy,Non-EM (LOW PRIORITY)
FXI,YMM,0.6203026756571905,0.6203026756571905,EM_Country_ETFs,China_Stocks,EM-EM (HIGH PRIORITY)
BIDU,BILI,0.6202513206028504,0.6202513206028504,China_Stocks,China_Stocks,EM-EM (HIGH PRIORITY)
ECH,EDIV,0.6199613342319124,0.6199613342319124,EM_Country_ETFs,EM_Broad,EM-EM (HIGH PRIORITY)
AFK,EEMV,0.6197223543999386,0.6197223543999386,EM_Country_ETFs,EM_Broad,EM-EM (HIGH PRIORITY)
ABEV,EWZ,0.6196671335619669,0.6196671335619669,Brazil_Stocks,EM_Country_ETFs,EM-EM (HIGH PRIORITY)
PCY,VTI,0.6194609723639523,0.6194609723639523,Bonds,Developed_Indices,Non-EM (LOW PRIORITY)
PICK,SID,0.6186415695986732,0.6186415695986732,Commodities_Metals,Brazil_Stocks,EM-Commodity (MEDIUM PRIORITY)
DIA,EWS,0.6180804383404533,0.6180804383404533,Developed_Indices,EM_Country_ETFs,EM-Developed (MEDIUM PRIORITY)
EWY,SPY,0.6179907921422159,0.6179907921422159,EM_Country_ETFs,Developed_Indices,EM-Developed (MEDIUM PRIORITY)
EEM,IWM,0.61798458966215,0.61798458966215,EM_Broad,Developed_Indices,EM-Developed (MEDIUM PRIORITY)
EWY,SHG,0.6174823480114124,0.6174823480114124,EM_Country_ETFs,Other_EM_Stocks,EM-EM (HIGH PRIORITY)
MCHI,XPEV,0.6173253439001631,0.6173253439001631,EM_Country_ETFs,China_Stocks,EM-EM (HIGH PRIORITY)
DEM,SPY,0.6172981245964213,0.6172981245964213,EM_Broad,Developed_Indices,EM-Developed (MEDIUM PRIORITY)
EFA,PCY,0.6167791606420211,0.6167791606420211,Developed_Indices,Bonds,Non-EM (LOW PRIORITY)
EWT,UMC,0.6161632248674085,0.6161632248674085,EM_Country_ETFs,Taiwan_Stocks,EM-EM (HIGH PRIORITY)
EDIV,EWM,0.6158939143519468,0.6158939143519468,EM_Broad,EM_Country_ETFs,EM-EM (HIGH PRIORITY)
EMQQ,HTHT,0.615784134469828,0.615784134469828,EM_Sector,China_Stocks,EM-EM (HIGH PRIORITY)
IWM,XOP,0.6157614708997057,0.6157614708997057,Developed_Indices,Commodities_Energy,Non-EM (LOW PRIORITY)
BIDU,IEMG,0.6155743906927572,0.6155743906927572,China_Stocks,EM_Broad,EM-EM (HIGH PRIORITY)
IBN,INDA,0.6154481185846652,0.6154481185846652,India_Stocks,EM_Country_ETFs,EM-EM (HIGH PRIORITY)
EEMV,SPY,0.6149152962609973,0.6149152962609973,EM_Broad,Developed_Indices,EM-Developed (MEDIUM PRIORITY)
DIA,OIH,0.6142085293094387,0.6142085293094387,Developed_Indices,Commodities_Energy,Non-EM (LOW PRIORITY)
PALL,PPLT,0.6140260740735656,0.6140260740735656,Commodities_Metals,Commodities_Metals,Non-EM (LOW PRIORITY)
BIDU,WB,0.6140141781523801,0.6140141781523801,China_Stocks,China_Stocks,EM-EM (HIGH PRIORITY)
EZA,GDXJ,0.6139125325775086,0.6139125325775086,EM_Country_ETFs,Commodities_Metals,EM-Commodity (MEDIUM PRIORITY)
EWY,XLK,0.6138672235919101,0.6138672235919101,EM_Country_ETFs,Developed_Sectors,EM-Developed (MEDIUM PRIORITY)
INDA,KEMX,0.6134002759301335,0.6134002759301335,EM_Country_ETFs,EM_Sector,EM-EM (HIGH PRIORITY)
EWS,XLI,0.6131502662810482,0.6131502662810482,EM_Country_ETFs,Developed_Sectors,EM-Developed (MEDIUM PRIORITY)
EWY,EZA,0.6130364713845573,0.6130364713845573,EM_Country_ETFs,EM_Country_ETFs,EM-EM (HIGH PRIORITY)
EEM,HYG,0.6128361539216166,0.6128361539216166,EM_Broad,Bonds,EM-Other (MEDIUM PRIORITY)
DIA,IEMG,0.6121578463752684,0.6121578463752684,Developed_Indices,EM_Broad,EM-Developed (MEDIUM PRIORITY)
THD,VEA,0.6120686574663463,0.6120686574663463,EM_Country_ETFs,Developed_Indices,EM-Developed (MEDIUM PRIORITY)
EWM,IEMG,0.611882241485052,0.611882241485052,EM_Country_ETFs,EM_Broad,EM-EM (HIGH PRIORITY)
CEW,ECH,0.6116249376703982,0.6116249376703982,Currencies,EM_Country_ETFs,EM-Other (MEDIUM PRIORITY)
DIA,XLRE,0.6114737553254813,0.6114737553254813,Developed_Indices,Developed_Sectors,Non-EM (LOW PRIORITY)
EMQQ,EWS,0.6114680213416237,0.6114680213416237,EM_Sector,EM_Country_ETFs,EM-EM (HIGH PRIORITY)
DEM,THD,0.6112961098626474,0.6112961098626474,EM_Broad,EM_Country_ETFs,EM-EM (HIGH PRIORITY)
EWZ,PBR,0.6112569227260232,0.6112569227260232,EM_Country_ETFs,Brazil_Stocks,EM-EM (HIGH PRIORITY)
VWO,WB,0.6108446206526034,0.6108446206526034,EM_Broad,China_Stocks,EM-EM (HIGH PRIORITY)
GLTR,PPLT,0.6090457999468863,0.6090457999468863,Commodities_Metals,Commodities_Metals,Non-EM (LOW PRIORITY)
EWS,QQQ,0.6089509674631186,0.6089509674631186,EM_Country_ETFs,Developed_Indices,EM-Developed (MEDIUM PRIORITY)
PCY,SPY,0.6086421682946288,0.6086421682946288,Bonds,Developed_Indices,Non-EM (LOW PRIORITY)
BABA,WB,0.6079678717347312,0.6079678717347312,China_Stocks,China_Stocks,EM-EM (HIGH PRIORITY)
IEMG,XLI,0.6074046905072301,0.6074046905072301,EM_Broad,Developed_Sectors,EM-Developed (MEDIUM PRIORITY)
VEA,XLRE,0.6072272418572062,0.6072272418572062,Developed_Indices,Developed_Sectors,Non-EM (LOW PRIORITY)
SCHE,WB,0.6069514231345395,0.6069514231345395,EM_Broad,China_Stocks,EM-EM (HIGH PRIORITY)
EEM,EWM,0.6065459304351241,0.6065459304351241,EM_Broad,EM_Country_ETFs,EM-EM (HIGH PRIORITY)
EEMV,VALE,0.6065291747214442,0.6065291747214442,EM_Broad,Brazil_Stocks,EM-EM (HIGH PRIORITY)
EWY,PICK,0.6064859950755818,0.6064859950755818,EM_Country_ETFs,Commodities_Metals,EM-Commodity (MEDIUM PRIORITY)
ASX,SCHE,0.6063262347353643,0.6063262347353643,Taiwan_Stocks,EM_Broad,EM-EM (HIGH PRIORITY)
EDIV,KWEB,0.6061393871135148,0.6061393871135148,EM_Broad,EM_Country_ETFs,EM-EM (HIGH PRIORITY)
MCHI,VIPS,0.6059931855820143,0.6059931855820143,EM_Country_ETFs,China_Stocks,EM-EM (HIGH PRIORITY)
XLI,XOP,0.6059274261053833,0.6059274261053833,Developed_Sectors,Commodities_Energy,Non-EM (LOW PRIORITY)
OIH,SPY,0.6058208874543035,0.6058208874543035,Commodities_Energy,Developed_Indices,Non-EM (LOW PRIORITY)
XLB,XLV,0.6057391953817208,0.6057391953817208,Developed_Sectors,Developed_Sectors,Non-EM (LOW PRIORITY)
HDB,IBN,0.6056439936713038,0.6056439936713038,India_Stocks,India_Stocks,EM-EM (HIGH PRIORITY)
FXI,XPEV,0.6055253114030124,0.6055253114030124,EM_Country_ETFs,China_Stocks,EM-EM (HIGH PRIORITY)
DIA,EEM,0.6052643543494668,0.6052643543494668,Developed_Indices,EM_Broad,EM-Developed (MEDIUM PRIORITY)
XLI,XLRE,0.6051251185998932,0.6051251185998932,Developed_Sectors,Developed_Sectors,Non-EM (LOW PRIORITY)
PICK,XLI,0.6050728954256416,0.6050728954256416,Commodities_Metals,Developed_Sectors,Non-EM (LOW PRIORITY)
ASX,UMC,0.6049361638543652,0.6049361638543652,Taiwan_Stocks,Taiwan_Stocks,EM-EM (HIGH PRIORITY)
IWM,SPEM,0.6046614390026754,0.6046614390026754,Developed_Indices,EM_Broad,EM-Developed (MEDIUM PRIORITY)
EWS,FXA,0.6045394345248306,0.6045394345248306,EM_Country_ETFs,Currencies,EM-Other (MEDIUM PRIORITY)
DIA,EELV,0.6045325929219679,0.6045325929219679,Developed_Indices,EM_Sector,EM-Developed (MEDIUM PRIORITY)
SPEM,WB,0.6044950318254655,0.6044950318254655,EM_Broad,China_Stocks,EM-EM (HIGH PRIORITY)
VT,XLRE,0.6044946443280081,0.6044946443280081,Developed_Indices,Developed_Sectors,Non-EM (LOW PRIORITY)
CEW,FXC,0.6044699258696801,0.6044699258696801,Currencies,Currencies,Non-EM (LOW PRIORITY)
FXB,FXC,0.6042930644628531,0.6042930644628531,Currencies,Currencies,Non-EM (LOW PRIORITY)
EWZ,TIMB,0.6041547415613598,0.6041547415613598,EM_Country_ETFs,Brazil_Stocks,EM-EM (HIGH PRIORITY)
FXI,VIPS,0.6036689925495984,0.6036689925495984,EM_Country_ETFs,China_Stocks,EM-EM (HIGH PRIORITY)
BILI,VWO,0.6035446415669797,0.6035446415669797,China_Stocks,EM_Broad,EM-EM (HIGH PRIORITY)
BILI,SCHE,0.6034393644756818,0.6034393644756818,China_Stocks,EM_Broad,EM-EM (HIGH PRIORITY)
EWT,EZA,0.603357725452083,0.603357725452083,EM_Country_ETFs,EM_Country_ETFs,EM-EM (HIGH PRIORITY)
INDY,KEMX,0.6031369558220139,0.6031369558220139,EM_Country_ETFs,EM_Sector,EM-EM (HIGH PRIORITY)
FXI,PICK,0.6029084527930967,0.6029084527930967,EM_Country_ETFs,Commodities_Metals,EM-Commodity (MEDIUM PRIORITY)
EEM,XLI,0.6016864699980107,0.6016864699980107,EM_Broad,Developed_Sectors,EM-Developed (MEDIUM PRIORITY)
IEMG,XLY,0.6014868714355136,0.6014868714355136,EM_Broad,Developed_Sectors,EM-Developed (MEDIUM PRIORITY)
BILI,SPEM,0.6012415537535994,0.6012415537535994,China_Stocks,EM_Broad,EM-EM (HIGH PRIORITY)
EELV,IWM,0.6009155696210201,0.6009155696210201,EM_Sector,Developed_Indices,EM-Developed (MEDIUM PRIORITY)
MCHI,PICK,0.6009080143815207,0.6009080143815207,EM_Country_ETFs,Commodities_Metals,EM-Commodity (MEDIUM PRIORITY)
EWS,EWY,0.6008874966451851,0.6008874966451851,EM_Country_ETFs,EM_Country_ETFs,EM-EM (HIGH PRIORITY)
CORN,SOYB,0.600685288347358,0.600685288347358,Commodities_Agriculture,Commodities_Agriculture,Non-EM (LOW PRIORITY)
EPU,GLTR,0.6004965462940113,0.6004965462940113,EM_Country_ETFs,Commodities_Metals,EM-Commodity (MEDIUM PRIORITY)
HYG,SPEM,0.6004385959923396,0.6004385959923396,Bonds,EM_Broad,EM-Other (MEDIUM PRIORITY)
ASX,SPEM,0.6001529821172236,0.6001529821172236,Taiwan_Stocks,EM_Broad,EM-EM (HIGH PRIORITY)
EELV,EMB,0.600130576885072,0.600130576885072,EM_Sector,Bonds,EM-Other (MEDIUM PRIORITY)
IWM,PCY,0.6001012607672453,0.6001012607672453,Developed_Indices,Bonds,Non-EM (LOW PRIORITY)
